kc_id,train_freq,train_correct_rate,test_n,test_pos,test_neg,difficulty_proxy,in_official_preds,eligible,dataset
0,5381,0.7219847611968035,1624,1158,466,0.27801523880319645,True,True,xes3g5m
1,5941,0.7761319643157718,1660,1269,391,0.2238680356842282,True,True,xes3g5m
10,27284,0.7381249083712066,8033,5956,2077,0.2618750916287934,True,True,xes3g5m
100,2031,0.7552929591334318,608,472,136,0.24470704086656825,True,True,xes3g5m
101,7186,0.7115224046757584,2022,1455,567,0.28847759532424155,True,True,xes3g5m
102,24291,0.8146226997653452,6854,5623,1231,0.18537730023465482,True,True,xes3g5m
103,1778,0.7671541057367829,489,369,120,0.2328458942632171,True,True,xes3g5m
104,32065,0.8196475908311243,8837,7302,1535,0.18035240916887574,True,True,xes3g5m
105,2405,0.7226611226611227,677,513,164,0.2773388773388773,True,True,xes3g5m
106,27954,0.9090291192673678,8156,7402,754,0.09097088073263215,True,True,xes3g5m
107,3527,0.7280975333144315,952,701,251,0.2719024666855685,True,True,xes3g5m
108,34327,0.8173158155387887,9869,8134,1735,0.18268418446121126,True,True,xes3g5m
109,31486,0.796068093755955,8862,7094,1768,0.203931906244045,True,True,xes3g5m
11,13197,0.811472304311586,3890,3224,666,0.188527695688414,True,True,xes3g5m
110,755,0.8516556291390729,212,185,27,0.1483443708609271,True,True,xes3g5m
111,1026,0.8235867446393762,288,245,43,0.1764132553606238,True,True,xes3g5m
112,14011,0.7660409678110056,3943,3051,892,0.2339590321889944,True,True,xes3g5m
113,806,0.9230769230769231,227,210,17,0.07692307692307687,True,False,xes3g5m
114,11081,0.7480371807598593,3153,2416,737,0.25196281924014075,True,True,xes3g5m
115,3997,0.7348011008256192,1122,857,265,0.2651988991743808,True,True,xes3g5m
116,3065,0.6740619902120718,895,589,306,0.3259380097879282,True,True,xes3g5m
117,6937,0.7955888712700014,2021,1646,375,0.20441112872999856,True,True,xes3g5m
118,5697,0.6987888362295945,1653,1188,465,0.30121116377040547,True,True,xes3g5m
119,8738,0.8117418173495079,2532,2063,469,0.1882581826504921,True,True,xes3g5m
12,10023,0.6900129701686122,2914,2059,855,0.3099870298313878,True,True,xes3g5m
120,1588,0.7840050377833753,445,353,92,0.21599496221662473,True,True,xes3g5m
121,13254,0.828881846989588,3722,3103,619,0.171118153010412,True,True,xes3g5m
122,1576,0.8153553299492385,483,413,70,0.18464467005076146,True,True,xes3g5m
123,19408,0.7469084913437758,5624,4167,1457,0.2530915086562242,True,True,xes3g5m
124,13987,0.7288196182169157,4047,2926,1121,0.27118038178308435,True,True,xes3g5m
125,2440,0.5856557377049181,717,433,284,0.4143442622950819,True,True,xes3g5m
126,1478,0.4580514208389716,454,214,240,0.5419485791610283,True,True,xes3g5m
127,9648,0.7399461028192371,2879,2183,696,0.2600538971807629,True,True,xes3g5m
128,5727,0.643443338571678,1699,1147,552,0.356556661428322,True,True,xes3g5m
129,1256,0.839968152866242,353,300,53,0.16003184713375795,True,True,xes3g5m
13,4763,0.7984463573378123,1392,1115,277,0.20155364266218767,True,True,xes3g5m
130,4869,0.7081536249743273,1403,1015,388,0.2918463750256727,True,True,xes3g5m
131,10297,0.8365543362144314,3035,2571,464,0.16344566378556857,True,True,xes3g5m
132,13713,0.7361627652592431,4061,3059,1002,0.26383723474075693,True,True,xes3g5m
133,7604,0.7769594950026302,2228,1743,485,0.22304050499736983,True,True,xes3g5m
134,8664,0.7484995383194829,2461,1836,625,0.2515004616805171,True,True,xes3g5m
135,14311,0.79756830410174,4009,3223,786,0.20243169589826004,True,True,xes3g5m
136,387,0.7338501291989664,103,77,26,0.2661498708010336,True,False,xes3g5m
137,2127,0.8707099200752233,644,571,73,0.1292900799247767,True,True,xes3g5m
138,65152,0.7788095530451866,18054,14212,3842,0.22119044695481338,True,True,xes3g5m
139,21267,0.8377298161470823,6201,5256,945,0.1622701838529177,True,True,xes3g5m
14,27046,0.8545810840789766,7642,6588,1054,0.1454189159210234,True,True,xes3g5m
140,34870,0.7742472039002007,10052,7835,2217,0.22575279609979926,True,True,xes3g5m
141,4260,0.7161971830985916,1191,871,320,0.2838028169014084,True,True,xes3g5m
142,14674,0.7441052201172141,4390,3247,1143,0.25589477988278586,True,True,xes3g5m
143,4137,0.9668842156151801,1169,1138,31,0.03311578438481988,True,True,xes3g5m
144,8509,0.692090727465037,2515,1777,738,0.30790927253496303,True,True,xes3g5m
145,8288,0.6871380308880309,2383,1632,751,0.31286196911196906,True,True,xes3g5m
146,8839,0.7841384772033035,2639,2086,553,0.21586152279669646,True,True,xes3g5m
147,14687,0.7910396949683394,4235,3349,886,0.20896030503166063,True,True,xes3g5m
148,11874,0.8020885969344786,3598,2900,698,0.19791140306552135,True,True,xes3g5m
149,6016,0.7308843085106383,1795,1328,467,0.26911569148936165,True,True,xes3g5m
15,2511,0.8156113102349661,775,625,150,0.18438868976503386,True,True,xes3g5m
150,5858,0.606691703653124,1756,1095,661,0.39330829634687603,True,True,xes3g5m
151,2339,0.55622060709705,687,409,278,0.44377939290295,True,True,xes3g5m
152,5544,0.7599206349206349,1700,1326,374,0.24007936507936511,True,True,xes3g5m
153,4099,0.632837277384728,1263,813,450,0.36716272261527205,True,True,xes3g5m
154,7761,0.8239917536399949,2424,2017,407,0.17600824636000512,True,True,xes3g5m
155,73913,0.7292357230798371,21152,15391,5761,0.2707642769201629,True,True,xes3g5m
156,3662,0.7463134898962316,1009,762,247,0.2536865101037684,True,True,xes3g5m
157,20870,0.73310972688069,5830,4276,1554,0.26689027311931,True,True,xes3g5m
158,2466,0.7388483373884833,676,483,193,0.2611516626115167,True,True,xes3g5m
159,2038,0.9018645731108931,557,508,49,0.09813542688910692,True,True,xes3g5m
16,12511,0.7483014946846774,3626,2737,889,0.25169850531532256,True,True,xes3g5m
160,9070,0.8682469680264608,2628,2257,371,0.13175303197353916,True,True,xes3g5m
161,12619,0.6468024407639275,3498,2265,1233,0.35319755923607254,True,True,xes3g5m
162,21348,0.7600712010492786,6088,4625,1463,0.2399287989507214,True,True,xes3g5m
163,5587,0.5573653123321998,1525,839,686,0.44263468766780023,True,True,xes3g5m
164,16709,0.8341013824884793,4721,3990,731,0.16589861751152069,True,True,xes3g5m
165,19437,0.8069146473221176,5523,4464,1059,0.1930853526778824,True,True,xes3g5m
166,60567,0.792246602935592,17254,13731,3523,0.20775339706440799,True,True,xes3g5m
167,10560,0.7950757575757575,3020,2395,625,0.20492424242424245,True,True,xes3g5m
168,32159,0.7810566248950527,9016,7105,1911,0.21894337510494732,True,True,xes3g5m
169,13624,0.7813417498532003,3812,3007,805,0.21865825014679974,True,True,xes3g5m
17,6339,0.8439817005836883,1886,1595,291,0.15601829941631173,True,True,xes3g5m
170,29397,0.7605197809300269,8267,6316,1951,0.23948021906997308,True,True,xes3g5m
171,5073,0.7421643997634536,1412,1062,350,0.2578356002365464,True,True,xes3g5m
172,19164,0.7083594239198497,5314,3845,1469,0.29164057608015026,True,True,xes3g5m
173,6906,0.7056183029249927,2033,1457,576,0.2943816970750073,True,True,xes3g5m
174,7877,0.807160086327282,2265,1874,391,0.19283991367271802,True,True,xes3g5m
175,8485,0.8373600471420153,2352,2019,333,0.16263995285798472,True,True,xes3g5m
176,11362,0.6737370181306108,3105,2081,1024,0.3262629818693892,True,True,xes3g5m
177,30867,0.8005313117568925,8635,6994,1641,0.19946868824310748,True,True,xes3g5m
178,5873,0.7755831772518305,1630,1270,360,0.22441682274816954,True,True,xes3g5m
179,35623,0.7636639249922803,9922,7657,2265,0.2363360750077197,True,True,xes3g5m
18,105754,0.8328384741948295,29954,25016,4938,0.16716152580517052,True,True,xes3g5m
180,38368,0.7822925354462051,10779,8553,2226,0.21770746455379486,True,True,xes3g5m
181,5729,0.6072613021469715,1631,1012,619,0.3927386978530285,True,True,xes3g5m
182,7662,0.7393630905768729,2183,1627,556,0.2606369094231271,True,True,xes3g5m
183,37484,0.7874026251200512,10448,8218,2230,0.2125973748799488,True,True,xes3g5m
184,6179,0.7737497977018936,1723,1346,377,0.22625020229810644,True,True,xes3g5m
185,4299,0.7769248662479646,1180,922,258,0.22307513375203536,True,True,xes3g5m
186,1767,0.7311827956989247,464,350,114,0.26881720430107525,True,True,xes3g5m
187,23444,0.8206790650059717,6761,5596,1165,0.17932093499402835,True,True,xes3g5m
188,31497,0.8141727783598438,9061,7409,1652,0.1858272216401562,True,True,xes3g5m
189,8719,0.9073288221126276,2527,2303,224,0.09267117788737245,True,True,xes3g5m
19,702,0.7749287749287749,210,162,48,0.22507122507122512,True,True,xes3g5m
190,2613,0.7933409873708381,786,622,164,0.20665901262916186,True,True,xes3g5m
191,3865,0.9435963777490297,1122,1054,68,0.05640362225097029,True,True,xes3g5m
192,24277,0.9279976932899452,6824,6375,449,0.07200230671005481,True,True,xes3g5m
193,9039,0.9132647416749641,2474,2251,223,0.08673525832503592,True,True,xes3g5m
194,7653,0.8157585260682085,2116,1721,395,0.18424147393179147,True,True,xes3g5m
195,5564,0.9656721782890008,1580,1511,69,0.03432782171099924,True,True,xes3g5m
196,5326,0.8128051070221555,1481,1180,301,0.18719489297784453,True,True,xes3g5m
197,3154,0.5047558655675333,890,436,454,0.49524413443246673,True,True,xes3g5m
198,31245,0.8399423907825252,8763,7389,1374,0.1600576092174748,True,True,xes3g5m
199,8702,0.841990347046656,2392,2042,350,0.15800965295334402,True,True,xes3g5m
2,33805,0.9148055021446532,9680,8899,781,0.08519449785534683,True,True,xes3g5m
20,5764,0.7283136710617627,1758,1286,472,0.2716863289382373,True,True,xes3g5m
200,21194,0.8453335849768803,6155,5246,909,0.15466641502311973,True,True,xes3g5m
201,3493,0.7955911823647295,1031,823,208,0.20440881763527052,True,True,xes3g5m
202,7544,0.8569724284199364,2211,1889,322,0.14302757158006363,True,True,xes3g5m
203,16221,0.786449664015782,4781,3835,946,0.21355033598421802,True,True,xes3g5m
204,33767,0.8682737584031747,9335,8101,1234,0.13172624159682533,True,True,xes3g5m
205,11378,0.85867463526103,3193,2751,442,0.14132536473896995,True,True,xes3g5m
206,36781,0.8302928142247356,10289,8586,1703,0.16970718577526445,True,True,xes3g5m
207,13524,0.8531499556344276,3759,3201,558,0.14685004436557236,True,True,xes3g5m
208,62770,0.7884180340927195,17665,13949,3716,0.2115819659072805,True,True,xes3g5m
209,11308,0.7316059426954369,3145,2286,859,0.2683940573045631,True,True,xes3g5m
21,445,0.9101123595505618,138,124,14,0.0898876404494382,True,False,xes3g5m
210,4749,0.7980627500526427,1347,1072,275,0.2019372499473573,True,True,xes3g5m
211,6179,0.8731186276096455,1759,1536,223,0.12688137239035446,True,True,xes3g5m
212,14502,0.7554130464763481,4028,3033,995,0.2445869535236519,True,True,xes3g5m
213,24151,0.6716078009192166,6786,4650,2136,0.32839219908078343,True,True,xes3g5m
214,36404,0.712531589935172,10123,7128,2995,0.28746841006482804,True,True,xes3g5m
215,1767,0.8947368421052632,475,418,57,0.10526315789473684,True,True,xes3g5m
216,3733,0.663273506563086,1033,701,332,0.33672649343691397,True,True,xes3g5m
217,5775,0.6862337662337662,1570,1085,485,0.3137662337662338,True,True,xes3g5m
218,5536,0.6557080924855492,1539,1039,500,0.3442919075144508,True,True,xes3g5m
219,3525,0.6635460992907801,975,670,305,0.3364539007092199,True,True,xes3g5m
22,2081,0.802498798654493,639,513,126,0.19750120134550697,True,True,xes3g5m
220,20542,0.8544932333755233,5874,5068,806,0.1455067666244767,True,True,xes3g5m
221,7673,0.7436465528476476,2220,1652,568,0.2563534471523524,True,True,xes3g5m
222,25531,0.8399592652070033,7139,6050,1089,0.16004073479299674,True,True,xes3g5m
223,14760,0.9136856368563686,4138,3783,355,0.08631436314363139,True,True,xes3g5m
224,4684,0.8834329632792485,1300,1156,144,0.11656703672075153,True,True,xes3g5m
225,9401,0.7590681842357196,2507,1909,598,0.24093181576428035,True,True,xes3g5m
226,5290,0.8546313799621928,1379,1191,188,0.14536862003780715,True,True,xes3g5m
227,14549,0.899099594473847,3910,3516,394,0.10090040552615298,True,True,xes3g5m
228,5550,0.6365765765765766,1644,1082,562,0.3634234234234234,True,True,xes3g5m
229,12150,0.5745679012345679,3478,2029,1449,0.4254320987654321,True,True,xes3g5m
23,20989,0.8482538472533232,6029,5117,912,0.1517461527466768,True,True,xes3g5m
230,3163,0.7337970281378439,984,728,256,0.26620297186215613,True,True,xes3g5m
231,13249,0.7727375650992527,3855,2981,874,0.22726243490074727,True,True,xes3g5m
232,28123,0.7095615688226719,8411,6093,2318,0.29043843117732815,True,True,xes3g5m
233,7526,0.8600850385330853,2177,1873,304,0.13991496146691473,True,True,xes3g5m
234,7852,0.8369842078451349,2256,1899,357,0.16301579215486506,True,True,xes3g5m
235,9322,0.8524994636344132,2653,2276,377,0.1475005363655868,True,True,xes3g5m
236,12133,0.7427676584521553,3472,2633,839,0.2572323415478447,True,True,xes3g5m
237,13779,0.7875027215327672,3870,3045,825,0.21249727846723276,True,True,xes3g5m
238,8186,0.7253848033227461,2307,1731,576,0.27461519667725387,True,True,xes3g5m
239,8518,0.8419816858417469,2473,2118,355,0.15801831415825307,True,True,xes3g5m
24,70202,0.8709865815788724,19992,17488,2504,0.12901341842112757,True,True,xes3g5m
240,8523,0.7724979467323713,2572,2010,562,0.22750205326762873,True,True,xes3g5m
241,11976,0.7791416165664663,3396,2656,740,0.2208583834335337,True,True,xes3g5m
242,7010,0.6845934379457917,2158,1508,650,0.31540656205420825,True,True,xes3g5m
243,8307,0.8394125436378957,2496,2088,408,0.16058745636210425,True,True,xes3g5m
244,6126,0.8403525954946132,1786,1500,286,0.15964740450538684,True,True,xes3g5m
245,1502,0.7509986684420772,451,322,129,0.2490013315579228,True,True,xes3g5m
246,1609,0.783716594157862,507,386,121,0.216283405842138,True,True,xes3g5m
247,4472,0.7938282647584973,1271,1018,253,0.20617173524150267,True,True,xes3g5m
248,10266,0.8653808688875901,2935,2563,372,0.13461913111240986,True,True,xes3g5m
249,6153,0.7802697870957257,1724,1356,368,0.2197302129042743,True,True,xes3g5m
25,6718,0.7499255730872283,2035,1513,522,0.2500744269127717,True,True,xes3g5m
250,3938,0.8285931945149823,1173,1033,140,0.17140680548501774,True,True,xes3g5m
251,3987,0.8274391773263106,1155,955,200,0.17256082267368944,True,True,xes3g5m
252,20363,0.7781269950400236,5748,4509,1239,0.22187300495997642,True,True,xes3g5m
253,6721,0.7973515845856272,1990,1652,338,0.20264841541437284,True,True,xes3g5m
254,1073,0.8462255358807083,337,292,45,0.15377446411929174,True,True,xes3g5m
255,1221,0.9426699426699426,369,350,19,0.05733005733005736,True,False,xes3g5m
256,3398,1.0,1006,1004,2,0.0,True,False,xes3g5m
257,60349,0.7730202654559314,16828,13300,3528,0.2269797345440686,True,True,xes3g5m
258,13745,0.7428155692979265,3959,2958,1001,0.25718443070207353,True,True,xes3g5m
259,2820,0.6531914893617021,808,520,288,0.3468085106382979,True,True,xes3g5m
26,7140,0.8025210084033614,2006,1601,405,0.19747899159663862,True,True,xes3g5m
260,21692,0.7848976581228102,6138,4930,1208,0.2151023418771898,True,True,xes3g5m
261,14459,0.7364962998824262,4151,3179,972,0.26350370011757385,True,True,xes3g5m
262,8060,0.8660049627791563,2244,1962,282,0.13399503722084372,True,True,xes3g5m
263,20536,0.8265971951694585,5865,4908,957,0.1734028048305415,True,True,xes3g5m
264,7365,0.7674134419551935,2121,1677,444,0.23258655804480655,True,True,xes3g5m
265,6472,0.8759270704573547,1848,1645,203,0.12407292954264526,True,True,xes3g5m
266,41099,0.8421616097715273,11175,9401,1774,0.15783839022847268,True,True,xes3g5m
267,1309,0.6913674560733384,356,251,105,0.3086325439266616,True,True,xes3g5m
268,1423,0.8812368236120871,377,329,48,0.1187631763879129,True,True,xes3g5m
269,787,0.8487928843710292,246,207,39,0.15120711562897082,True,True,xes3g5m
27,349,0.7593123209169055,98,81,17,0.24068767908309452,True,False,xes3g5m
270,3164,0.6235777496839444,905,581,324,0.3764222503160556,True,True,xes3g5m
271,7520,0.8696808510638298,2101,1842,259,0.13031914893617025,True,True,xes3g5m
272,16501,0.8142536815950548,4636,3785,851,0.18574631840494515,True,True,xes3g5m
273,658,0.8951367781155015,207,193,14,0.10486322188449848,True,False,xes3g5m
274,827,0.8222490931076178,217,180,37,0.17775090689238215,True,True,xes3g5m
275,1053,0.8281101614434948,316,263,53,0.1718898385565052,True,True,xes3g5m
276,1475,0.7810169491525424,419,346,73,0.21898305084745762,True,True,xes3g5m
277,6072,0.8496376811594203,1694,1429,265,0.1503623188405797,True,True,xes3g5m
278,1733,0.964800923254472,470,452,18,0.035199076745528024,True,False,xes3g5m
279,2926,0.84107997265892,842,698,144,0.15892002734108002,True,True,xes3g5m
28,2792,0.8631805157593123,808,716,92,0.13681948424068768,True,True,xes3g5m
280,1519,0.8341013824884793,477,408,69,0.16589861751152069,True,True,xes3g5m
281,301,0.8504983388704319,78,70,8,0.1495016611295681,True,False,xes3g5m
282,1849,0.8685776095186587,489,429,60,0.1314223904813413,True,True,xes3g5m
283,4464,0.7712813620071685,1248,1003,245,0.22871863799283154,True,True,xes3g5m
284,1648,0.7797330097087378,479,375,104,0.22026699029126218,True,True,xes3g5m
285,4293,0.8208711856510599,1194,989,205,0.17912881434894012,True,True,xes3g5m
286,508,0.8779527559055118,171,153,18,0.1220472440944882,True,False,xes3g5m
287,2364,0.7516920473773265,690,541,149,0.24830795262267347,True,True,xes3g5m
288,1730,0.8445086705202313,557,480,77,0.15549132947976874,True,True,xes3g5m
289,800,0.78,248,197,51,0.21999999999999997,True,True,xes3g5m
29,3954,0.7971674253920081,1203,961,242,0.20283257460799187,True,True,xes3g5m
290,1706,0.9261430246189918,493,456,37,0.07385697538100822,True,True,xes3g5m
291,3352,0.6076968973747017,983,642,341,0.39230310262529833,True,True,xes3g5m
292,2862,0.7840670859538784,794,629,165,0.21593291404612158,True,True,xes3g5m
293,2290,0.7602620087336245,628,478,150,0.23973799126637552,True,True,xes3g5m
294,3923,0.6089727249553912,1124,691,433,0.39102727504460877,True,True,xes3g5m
295,1955,0.9447570332480818,537,504,33,0.0552429667519182,True,True,xes3g5m
296,2626,0.6355674028941356,737,483,254,0.3644325971058644,True,True,xes3g5m
297,1188,0.8585858585858586,339,296,43,0.14141414141414144,True,True,xes3g5m
298,575,0.591304347826087,167,105,62,0.408695652173913,True,True,xes3g5m
299,3110,0.7392282958199357,888,666,222,0.26077170418006435,True,True,xes3g5m
3,11205,0.7282463186077643,3357,2446,911,0.27175368139223566,True,True,xes3g5m
30,14188,0.8297152523259093,4081,3369,712,0.17028474767409074,True,True,xes3g5m
300,3959,0.8827986865370043,1145,1002,143,0.11720131346299567,True,True,xes3g5m
301,13042,0.922557889894188,3679,3385,294,0.07744211010581203,True,True,xes3g5m
302,1357,0.8039793662490788,372,303,69,0.19602063375092116,True,True,xes3g5m
303,9427,0.5757929351861674,2592,1510,1082,0.42420706481383263,True,True,xes3g5m
304,3501,0.7743501856612397,1012,789,223,0.2256498143387603,True,True,xes3g5m
305,1063,0.7262464722483537,311,234,77,0.2737535277516463,True,True,xes3g5m
306,999,0.6526526526526526,307,214,93,0.3473473473473474,True,True,xes3g5m
307,11692,0.8031132398221006,3383,2731,652,0.1968867601778994,True,True,xes3g5m
308,1525,0.8885245901639345,466,407,59,0.11147540983606552,True,True,xes3g5m
309,60,0.85,22,19,3,0.15000000000000002,True,False,xes3g5m
31,5240,0.8604961832061069,1461,1265,196,0.13950381679389312,True,True,xes3g5m
310,1171,0.740392826643894,391,301,90,0.25960717335610595,True,True,xes3g5m
311,7936,0.7700352822580645,2438,1893,545,0.2299647177419355,True,True,xes3g5m
312,614,0.7687296416938111,195,145,50,0.23127035830618892,True,True,xes3g5m
313,11035,0.667149977344812,3259,2228,1031,0.33285002265518804,True,True,xes3g5m
314,717,0.6373779637377964,225,141,84,0.3626220362622036,True,True,xes3g5m
315,1247,0.7594226142742582,363,266,97,0.24057738572574183,True,True,xes3g5m
316,536,0.5373134328358209,161,92,69,0.4626865671641791,True,True,xes3g5m
317,1601,0.8888194878201124,493,433,60,0.11118051217988756,True,True,xes3g5m
318,1079,0.7052826691380908,321,231,90,0.2947173308619092,True,True,xes3g5m
319,392,0.8086734693877551,93,75,18,0.19132653061224492,True,False,xes3g5m
32,44876,0.8046394509314556,12933,10531,2402,0.1953605490685444,True,True,xes3g5m
320,1521,0.5621301775147929,444,254,190,0.4378698224852071,True,True,xes3g5m
321,1056,0.5757575757575758,310,184,126,0.4242424242424242,True,True,xes3g5m
322,1394,0.8601147776183644,443,372,71,0.1398852223816356,True,True,xes3g5m
323,1481,0.8858879135719109,409,351,58,0.11411208642808912,True,True,xes3g5m
324,1579,0.8860037998733375,434,386,48,0.11399620012666245,True,True,xes3g5m
325,2651,0.5601659751037344,718,423,295,0.43983402489626555,True,True,xes3g5m
326,4873,0.8485532526164581,1476,1239,237,0.1514467473835419,True,True,xes3g5m
327,3249,0.8205601723607264,951,780,171,0.17943982763927357,True,True,xes3g5m
328,119,0.453781512605042,42,19,23,0.546218487394958,True,False,xes3g5m
329,6379,0.7935413074149553,1830,1427,403,0.20645869258504468,True,True,xes3g5m
33,41847,0.7834492317250938,12070,9588,2482,0.21655076827490616,True,True,xes3g5m
330,17256,0.7902178952248493,4838,3822,1016,0.2097821047751507,True,True,xes3g5m
331,424,0.7287735849056604,130,98,32,0.27122641509433965,True,False,xes3g5m
332,2084,0.7634357005758158,587,460,127,0.23656429942418422,True,True,xes3g5m
333,381,0.2335958005249344,121,22,99,0.7664041994750657,True,False,xes3g5m
334,2013,0.4396423248882265,554,226,328,0.5603576751117735,True,True,xes3g5m
335,18554,0.7632855448959793,5361,4177,1184,0.23671445510402067,True,True,xes3g5m
336,23239,0.7693962735057447,6730,5173,1557,0.2306037264942553,True,True,xes3g5m
337,5197,0.6496055416586493,1491,1002,489,0.35039445834135075,True,True,xes3g5m
338,2056,0.5958171206225681,572,339,233,0.4041828793774319,True,True,xes3g5m
339,4049,0.7856260805137071,1150,918,232,0.21437391948629292,True,True,xes3g5m
34,51780,0.8310737736577829,14687,12218,2469,0.1689262263422171,True,True,xes3g5m
340,13490,0.9255744996293551,3765,3499,266,0.07442550037064488,True,True,xes3g5m
341,5020,0.9258964143426295,1408,1320,88,0.07410358565737052,True,True,xes3g5m
342,5020,0.9258964143426295,1408,1320,88,0.07410358565737052,True,True,xes3g5m
343,10630,0.7537158984007526,2962,2302,660,0.2462841015992474,True,True,xes3g5m
344,3141,0.9204075135307227,887,800,87,0.0795924864692773,True,True,xes3g5m
345,364,0.5,134,73,61,0.5,True,False,xes3g5m
346,177,0.4180790960451977,66,32,34,0.5819209039548023,True,False,xes3g5m
347,183,0.4371584699453552,66,32,34,0.5628415300546448,True,False,xes3g5m
348,440,0.8,154,128,26,0.19999999999999996,True,False,xes3g5m
349,10199,0.8779292087459555,2893,2563,330,0.12207079125404452,True,True,xes3g5m
35,12824,0.7977230193387399,3720,2998,722,0.2022769806612601,True,True,xes3g5m
350,1852,0.8169546436285097,528,427,101,0.18304535637149033,True,True,xes3g5m
351,3767,0.9097425006636581,1098,1002,96,0.09025749933634186,True,True,xes3g5m
352,9815,0.8029546612328069,2797,2237,560,0.1970453387671931,True,True,xes3g5m
353,331,0.31419939577039274,93,33,60,0.6858006042296072,True,False,xes3g5m
354,336,0.41369047619047616,96,42,54,0.5863095238095238,True,False,xes3g5m
355,2880,0.5114583333333333,803,410,393,0.48854166666666665,True,True,xes3g5m
356,1787,0.8707330721880246,479,425,54,0.12926692781197535,True,True,xes3g5m
357,2306,0.7198612315698178,674,483,191,0.28013876843018215,True,True,xes3g5m
358,970,0.9144329896907216,258,233,25,0.08556701030927838,True,True,xes3g5m
359,17399,0.8109086729122363,4941,4027,914,0.18909132708776366,True,True,xes3g5m
36,12216,0.7985428945645056,3561,2858,703,0.20145710543549444,True,True,xes3g5m
360,5132,0.8641855027279813,1396,1195,201,0.13581449727201866,True,True,xes3g5m
361,6828,0.8393380199179847,1913,1612,301,0.16066198008201527,True,True,xes3g5m
362,9012,0.8581890812250332,2539,2183,356,0.14181091877496677,True,True,xes3g5m
363,11284,0.8816908897554059,3060,2712,348,0.11830911024459412,True,True,xes3g5m
364,992,0.8235887096774194,277,231,46,0.17641129032258063,True,True,xes3g5m
365,8548,0.8371548900327562,2513,2125,388,0.16284510996724377,True,True,xes3g5m
366,6621,0.9679806675728742,1920,1858,62,0.032019332427125846,True,True,xes3g5m
367,6435,0.6592074592074592,1878,1250,628,0.34079254079254084,True,True,xes3g5m
368,2698,0.6423276501111935,750,526,224,0.3576723498888065,True,True,xes3g5m
369,1743,0.5329890992541595,428,238,190,0.4670109007458405,True,True,xes3g5m
37,11905,0.8084838303233935,3478,2795,683,0.19151616967660645,True,True,xes3g5m
370,1374,0.8486171761280932,371,329,42,0.15138282387190682,True,True,xes3g5m
371,4006,0.7209186220668996,1095,775,320,0.2790813779331004,True,True,xes3g5m
372,1887,0.8139904610492846,593,476,117,0.18600953895071537,True,True,xes3g5m
373,5931,0.8490979598718598,1771,1514,257,0.15090204012814024,True,True,xes3g5m
374,6261,0.6858329340360965,1809,1254,555,0.31416706596390354,True,True,xes3g5m
375,1329,0.9217456734386757,373,346,27,0.07825432656132425,True,True,xes3g5m
376,3226,0.926224426534408,940,874,66,0.07377557346559205,True,True,xes3g5m
377,1779,0.8780213603147836,487,431,56,0.12197863968521638,True,True,xes3g5m
378,8937,0.8641602327402932,2547,2190,357,0.1358397672597068,True,True,xes3g5m
379,16890,0.8721728833629366,4814,4165,649,0.12782711663706336,True,True,xes3g5m
38,8199,0.8579095011586779,2406,2054,352,0.14209049884132208,True,True,xes3g5m
380,3759,0.42857142857142855,1055,466,589,0.5714285714285714,True,True,xes3g5m
381,3253,0.9385182908084845,952,907,45,0.06148170919151552,True,True,xes3g5m
382,2735,0.7612431444241317,797,635,162,0.23875685557586834,True,True,xes3g5m
383,1008,0.9265873015873016,250,239,11,0.07341269841269837,True,False,xes3g5m
384,1501,0.9820119920053297,394,387,7,0.017988007994670263,True,False,xes3g5m
385,1145,0.845414847161572,306,269,37,0.154585152838428,True,True,xes3g5m
386,2425,0.8519587628865979,688,594,94,0.1480412371134021,True,True,xes3g5m
387,2835,0.9502645502645503,791,755,36,0.049735449735449744,True,True,xes3g5m
388,3323,0.8206439963888053,969,806,163,0.17935600361119475,True,True,xes3g5m
389,7477,0.8300120369132005,2241,1889,352,0.16998796308679953,True,True,xes3g5m
39,9617,0.7904752001663721,2935,2351,584,0.20952479983362793,True,True,xes3g5m
390,5229,0.9305794606999426,1459,1359,100,0.06942053930005743,True,True,xes3g5m
391,2801,0.9575151731524456,813,773,40,0.04248482684755439,True,True,xes3g5m
392,7429,0.9445416610580158,2103,1990,113,0.05545833894198415,True,True,xes3g5m
393,2511,0.9012345679012346,720,647,73,0.09876543209876543,True,True,xes3g5m
394,3910,0.760613810741688,1104,841,263,0.239386189258312,True,True,xes3g5m
395,1841,0.6778924497555676,554,386,168,0.3221075502444324,True,True,xes3g5m
396,1544,0.836139896373057,502,439,63,0.16386010362694303,True,True,xes3g5m
397,657,0.8904109589041096,234,207,27,0.1095890410958904,True,True,xes3g5m
398,888,0.7849099099099099,278,218,60,0.21509009009009006,True,True,xes3g5m
399,644,0.16770186335403728,199,46,153,0.8322981366459627,True,True,xes3g5m
4,633,0.8973143759873617,197,181,16,0.10268562401263825,True,False,xes3g5m
40,5705,0.7740578439964944,1775,1369,406,0.22594215600350565,True,True,xes3g5m
400,886,0.2765237020316027,268,94,174,0.7234762979683973,True,True,xes3g5m
401,5796,0.720151828847481,1680,1241,439,0.27984817115251903,True,True,xes3g5m
402,11275,0.707139689578714,3203,2289,914,0.292860310421286,True,True,xes3g5m
403,914,0.8544857768052516,269,226,43,0.14551422319474838,True,True,xes3g5m
404,1150,0.7878260869565218,368,295,73,0.2121739130434782,True,True,xes3g5m
405,2772,0.8658008658008658,875,758,117,0.1341991341991342,True,True,xes3g5m
406,834,0.9316546762589928,238,225,13,0.06834532374100721,True,False,xes3g5m
407,3837,0.6426896012509773,1173,764,409,0.3573103987490227,True,True,xes3g5m
408,5276,0.5356330553449583,1533,847,686,0.4643669446550417,True,True,xes3g5m
409,4590,0.6858387799564271,1304,935,369,0.31416122004357294,True,True,xes3g5m
41,31759,0.7762838880317391,8881,6992,1889,0.2237161119682609,True,True,xes3g5m
410,3415,0.7142020497803807,959,714,245,0.2857979502196193,True,True,xes3g5m
411,3612,0.716500553709856,1015,762,253,0.283499446290144,True,True,xes3g5m
412,3583,0.7264861847613732,1005,759,246,0.27351381523862683,True,True,xes3g5m
413,7933,0.7596117483927897,2285,1777,508,0.24038825160721033,True,True,xes3g5m
414,1547,0.7433742727860375,478,366,112,0.2566257272139625,True,True,xes3g5m
415,223,0.8385650224215246,77,61,16,0.16143497757847536,True,False,xes3g5m
416,70,0.5857142857142857,26,11,15,0.41428571428571426,True,False,xes3g5m
417,70,0.5857142857142857,26,11,15,0.41428571428571426,True,False,xes3g5m
418,314,0.7229299363057324,99,80,19,0.27707006369426757,True,False,xes3g5m
419,535,0.8710280373831776,141,122,19,0.12897196261682242,True,False,xes3g5m
42,2553,0.8491970231100666,772,642,130,0.15080297688993338,True,True,xes3g5m
420,1033,0.7037754114230397,281,191,90,0.2962245885769603,True,True,xes3g5m
421,190,0.8105263157894737,54,41,13,0.18947368421052635,True,False,xes3g5m
422,3951,0.8532017210832701,1143,967,176,0.14679827891672992,True,True,xes3g5m
423,49,0.3469387755102041,19,6,13,0.653061224489796,True,False,xes3g5m
424,2744,0.8626093294460642,842,722,120,0.13739067055393583,True,True,xes3g5m
425,3381,0.8148476782017154,1000,798,202,0.18515232179828456,True,True,xes3g5m
426,445,0.8651685393258427,141,126,15,0.1348314606741573,True,False,xes3g5m
427,959,0.7956204379562044,300,240,60,0.2043795620437956,True,True,xes3g5m
428,71,0.5774647887323944,27,13,14,0.4225352112676056,True,False,xes3g5m
429,210,0.5190476190476191,60,36,24,0.4809523809523809,True,False,xes3g5m
43,12617,0.7772846159942934,3583,2824,759,0.22271538400570656,True,True,xes3g5m
430,1281,0.7377049180327869,349,256,93,0.2622950819672131,True,True,xes3g5m
431,4453,0.8158544801257579,1230,1032,198,0.1841455198742421,True,True,xes3g5m
432,237,0.6244725738396625,87,53,34,0.3755274261603375,True,False,xes3g5m
433,136,0.9117647058823529,44,42,2,0.08823529411764708,True,False,xes3g5m
434,186,0.9247311827956989,61,55,6,0.07526881720430112,True,False,xes3g5m
435,2174,0.827506899724011,670,576,94,0.17249310027598896,True,True,xes3g5m
436,775,0.8929032258064517,229,203,26,0.10709677419354835,True,True,xes3g5m
437,288,0.8576388888888888,99,84,15,0.14236111111111116,True,False,xes3g5m
438,490,0.8081632653061225,125,108,17,0.19183673469387752,True,False,xes3g5m
439,490,0.8081632653061225,125,108,17,0.19183673469387752,True,False,xes3g5m
44,5840,0.7746575342465754,1641,1267,374,0.22534246575342465,True,True,xes3g5m
440,331,0.8338368580060423,78,62,16,0.16616314199395765,True,False,xes3g5m
441,1081,0.8048103607770583,262,215,47,0.19518963922294175,True,True,xes3g5m
442,65,0.8153846153846154,16,15,1,0.18461538461538463,True,False,xes3g5m
443,618,0.872168284789644,172,145,27,0.12783171521035597,True,True,xes3g5m
444,183,0.8852459016393442,42,38,4,0.11475409836065575,True,False,xes3g5m
445,62,0.7580645161290323,18,14,4,0.24193548387096775,True,False,xes3g5m
446,622,0.6495176848874598,161,111,50,0.35048231511254024,True,True,xes3g5m
447,6215,0.9575221238938053,1577,1512,65,0.04247787610619469,True,True,xes3g5m
448,16635,0.8411782386534415,4315,3639,676,0.15882176134655845,True,True,xes3g5m
449,161,0.9254658385093167,41,37,4,0.07453416149068326,True,False,xes3g5m
45,371,0.9137466307277629,121,113,8,0.08625336927223715,True,False,xes3g5m
450,709,0.8575458392101551,197,172,25,0.14245416078984485,True,True,xes3g5m
451,1183,0.49535080304311074,317,159,158,0.5046491969568893,True,True,xes3g5m
452,305,0.8557377049180328,83,74,9,0.1442622950819672,True,False,xes3g5m
453,93,0.7096774193548387,32,22,10,0.29032258064516125,True,False,xes3g5m
454,51,0.9803921568627451,15,14,1,0.019607843137254943,True,False,xes3g5m
455,49,0.9795918367346939,16,15,1,0.020408163265306145,True,False,xes3g5m
456,123,0.983739837398374,36,34,2,0.016260162601625994,True,False,xes3g5m
457,374,0.8663101604278075,113,99,14,0.1336898395721925,True,False,xes3g5m
458,120,0.95,37,36,1,0.050000000000000044,True,False,xes3g5m
459,163,0.9202453987730062,49,44,5,0.07975460122699385,True,False,xes3g5m
46,8656,0.6706330868761553,2647,1823,824,0.3293669131238447,True,True,xes3g5m
460,163,0.9631901840490797,49,46,3,0.036809815950920255,True,False,xes3g5m
461,192,0.9739583333333334,63,62,1,0.02604166666666663,True,False,xes3g5m
462,3581,0.5878246299916224,1079,635,444,0.41217537000837756,True,True,xes3g5m
463,929,0.9386437029063509,276,261,15,0.06135629709364909,True,False,xes3g5m
464,695,0.8906474820143885,202,184,18,0.10935251798561152,True,False,xes3g5m
465,926,0.906047516198704,265,233,32,0.09395248380129595,True,True,xes3g5m
466,2586,0.6871616395978345,769,520,249,0.3128383604021655,True,True,xes3g5m
467,1696,0.9575471698113207,491,477,14,0.04245283018867929,True,False,xes3g5m
468,11796,0.7758562224482876,3354,2614,740,0.22414377755171244,True,True,xes3g5m
469,1105,0.8832579185520362,330,291,39,0.11674208144796383,True,True,xes3g5m
47,2435,0.8242299794661191,745,624,121,0.1757700205338809,True,True,xes3g5m
470,4873,0.8633285450441207,1485,1294,191,0.1366714549558793,True,True,xes3g5m
471,9660,0.8592132505175983,2819,2435,384,0.14078674948240166,True,True,xes3g5m
472,1792,0.9620535714285714,482,470,12,0.0379464285714286,True,False,xes3g5m
473,2748,0.915938864628821,763,712,51,0.08406113537117899,True,True,xes3g5m
474,2471,0.9210845811412384,667,622,45,0.07891541885876163,True,True,xes3g5m
475,1103,0.7361740707162284,301,227,74,0.2638259292837716,True,True,xes3g5m
476,1423,0.6591707659873507,391,248,143,0.3408292340126493,True,True,xes3g5m
477,3828,0.6528213166144201,1157,794,363,0.3471786833855799,True,True,xes3g5m
478,3701,0.6511753580113483,1095,752,343,0.3488246419886517,True,True,xes3g5m
479,2016,0.7663690476190477,585,451,134,0.23363095238095233,True,True,xes3g5m
48,2011,0.6389855793137742,613,419,194,0.3610144206862258,True,True,xes3g5m
480,6369,0.641859004553305,1930,1240,690,0.358140995446695,True,True,xes3g5m
481,1734,0.8915801614763552,508,446,62,0.10841983852364478,True,True,xes3g5m
482,1427,0.8444288717589348,413,339,74,0.15557112824106523,True,True,xes3g5m
483,1881,0.9840510366826156,541,529,12,0.01594896331738438,True,False,xes3g5m
484,2048,0.7138671875,592,413,179,0.2861328125,True,True,xes3g5m
485,1515,0.6726072607260726,418,280,138,0.3273927392739274,True,True,xes3g5m
486,2498,0.8294635708566853,715,604,111,0.17053642914331468,True,True,xes3g5m
487,1614,0.8215613382899628,401,319,82,0.1784386617100372,True,True,xes3g5m
488,2284,0.5967600700525394,678,399,279,0.4032399299474606,True,True,xes3g5m
489,2419,0.8933443571723853,686,620,66,0.10665564282761475,True,True,xes3g5m
49,227,0.8325991189427313,67,59,8,0.1674008810572687,True,False,xes3g5m
490,670,0.8656716417910447,199,171,28,0.13432835820895528,True,True,xes3g5m
491,1310,0.7007633587786259,407,285,122,0.29923664122137406,True,True,xes3g5m
492,839,0.8140643623361145,227,183,44,0.18593563766388554,True,True,xes3g5m
493,407,0.855036855036855,121,102,19,0.144963144963145,True,False,xes3g5m
494,501,0.7345309381237525,125,95,30,0.2654690618762475,True,True,xes3g5m
495,312,0.5032051282051282,77,46,31,0.4967948717948718,True,False,xes3g5m
496,1005,0.5830845771144278,309,183,126,0.41691542288557215,True,True,xes3g5m
497,1091,0.28689275893675525,326,89,237,0.7131072410632447,True,True,xes3g5m
498,1315,0.5011406844106464,432,203,229,0.4988593155893536,True,True,xes3g5m
499,976,0.819672131147541,292,233,59,0.180327868852459,True,True,xes3g5m
5,18609,0.8876350153151701,5266,4709,557,0.11236498468482992,True,True,xes3g5m
50,235,0.8340425531914893,69,61,8,0.16595744680851066,True,False,xes3g5m
500,673,0.8989598811292719,239,213,26,0.10104011887072806,True,True,xes3g5m
501,1867,0.9287627209426889,515,481,34,0.07123727905731114,True,True,xes3g5m
502,1614,0.7794299876084263,467,349,118,0.2205700123915737,True,True,xes3g5m
503,875,0.824,262,218,44,0.17600000000000005,True,True,xes3g5m
504,2042,0.8917727717923605,537,468,69,0.10822722820763953,True,True,xes3g5m
505,1343,0.8808637379002234,351,311,40,0.11913626209977657,True,True,xes3g5m
506,473,0.9344608879492601,152,142,10,0.06553911205073992,True,False,xes3g5m
507,342,0.9181286549707602,107,93,14,0.08187134502923976,True,False,xes3g5m
508,1511,0.8232958305757776,458,365,93,0.1767041694242224,True,True,xes3g5m
509,325,0.7815384615384615,119,98,21,0.21846153846153848,True,False,xes3g5m
51,4638,0.7912893488572661,1374,1101,273,0.2087106511427339,True,True,xes3g5m
510,600,0.77,195,143,52,0.22999999999999998,True,True,xes3g5m
511,398,0.8467336683417085,130,105,25,0.1532663316582915,True,False,xes3g5m
512,577,0.9532062391681109,192,182,10,0.04679376083188913,True,False,xes3g5m
513,911,0.849615806805708,285,234,51,0.15038419319429197,True,True,xes3g5m
514,343,0.6326530612244898,107,71,36,0.36734693877551017,True,False,xes3g5m
515,416,0.7283653846153846,116,88,28,0.2716346153846154,True,False,xes3g5m
516,607,0.9159802306425041,199,182,17,0.08401976935749589,True,False,xes3g5m
517,482,0.941908713692946,155,143,12,0.05809128630705396,True,False,xes3g5m
518,1287,0.9145299145299145,370,336,34,0.0854700854700855,True,True,xes3g5m
519,684,0.8011695906432749,218,189,29,0.19883040935672514,True,True,xes3g5m
52,1362,0.6497797356828194,405,244,161,0.35022026431718056,True,True,xes3g5m
520,248,0.9475806451612904,96,95,1,0.05241935483870963,True,False,xes3g5m
521,501,0.7684630738522954,170,139,31,0.2315369261477046,True,True,xes3g5m
522,552,0.7536231884057971,171,133,38,0.24637681159420288,True,True,xes3g5m
523,200,0.815,60,48,12,0.18500000000000005,True,False,xes3g5m
524,295,0.7898305084745763,94,60,34,0.21016949152542375,True,False,xes3g5m
525,68,0.7647058823529411,27,22,5,0.23529411764705888,True,False,xes3g5m
526,1514,0.9795244385733157,445,440,5,0.020475561426684274,True,False,xes3g5m
527,160,0.4125,40,24,16,0.5875,True,False,xes3g5m
528,474,0.7616033755274262,130,93,37,0.23839662447257381,True,False,xes3g5m
529,553,0.8933092224231465,155,138,17,0.10669077757685352,True,False,xes3g5m
53,662,0.729607250755287,198,144,54,0.270392749244713,True,True,xes3g5m
530,876,0.7568493150684932,252,203,49,0.24315068493150682,True,True,xes3g5m
531,950,0.6810526315789474,277,201,76,0.31894736842105265,True,True,xes3g5m
532,154,0.974025974025974,46,46,0,0.025974025974025983,True,False,xes3g5m
533,137,0.9635036496350365,46,43,3,0.03649635036496346,True,False,xes3g5m
534,270,0.9407407407407408,86,78,8,0.059259259259259234,True,False,xes3g5m
535,399,0.8446115288220551,114,94,20,0.15538847117794485,True,False,xes3g5m
536,1779,0.8724002248454188,450,384,66,0.1275997751545812,True,True,xes3g5m
537,241,0.9087136929460581,78,72,6,0.09128630705394192,True,False,xes3g5m
538,173,0.9132947976878613,63,55,8,0.08670520231213874,True,False,xes3g5m
539,173,0.9190751445086706,63,55,8,0.08092485549132944,True,False,xes3g5m
54,4528,0.7926236749116607,1344,1071,273,0.20737632508833925,True,True,xes3g5m
540,221,0.8054298642533937,81,68,13,0.1945701357466063,True,False,xes3g5m
541,293,0.8122866894197952,107,97,10,0.1877133105802048,True,False,xes3g5m
542,120,0.9166666666666666,42,40,2,0.08333333333333337,True,False,xes3g5m
543,302,0.8973509933774835,85,79,6,0.10264900662251653,True,False,xes3g5m
544,142,0.8380281690140845,49,46,3,0.1619718309859155,True,False,xes3g5m
545,713,0.8120617110799438,189,157,32,0.18793828892005615,True,True,xes3g5m
546,5135,0.667964946445959,1490,1018,472,0.33203505355404095,True,True,xes3g5m
547,220,0.8590909090909091,63,59,4,0.14090909090909087,True,False,xes3g5m
548,210,0.8333333333333334,81,67,14,0.16666666666666663,True,False,xes3g5m
549,242,0.9586776859504132,88,84,4,0.04132231404958675,True,False,xes3g5m
55,83840,0.8036498091603054,24052,19390,4662,0.19635019083969463,True,True,xes3g5m
550,149,0.785234899328859,49,40,9,0.21476510067114096,True,False,xes3g5m
551,38,0.9736842105263158,14,14,0,0.02631578947368418,True,False,xes3g5m
552,24,0.8333333333333334,6,4,2,0.16666666666666663,True,False,xes3g5m
553,130,0.9153846153846154,38,37,1,0.08461538461538465,True,False,xes3g5m
554,170,0.8823529411764706,42,37,5,0.11764705882352944,True,False,xes3g5m
555,56,0.8928571428571429,14,12,2,0.1071428571428571,True,False,xes3g5m
556,42,1.0,12,12,0,0.0,True,False,xes3g5m
557,33,1.0,11,11,0,0.0,True,False,xes3g5m
558,605,0.9338842975206612,153,145,8,0.06611570247933884,True,False,xes3g5m
559,68,0.9264705882352942,28,21,7,0.07352941176470584,True,False,xes3g5m
56,48306,0.8002732579803751,13896,11221,2675,0.19972674201962493,True,True,xes3g5m
560,91,0.989010989010989,39,37,2,0.01098901098901095,True,False,xes3g5m
561,44,0.9772727272727273,19,19,0,0.022727272727272707,True,False,xes3g5m
562,954,0.6918238993710691,338,232,106,0.30817610062893086,True,True,xes3g5m
563,107,0.3177570093457944,49,17,32,0.6822429906542056,True,False,xes3g5m
564,228,0.543859649122807,100,54,46,0.45614035087719296,True,False,xes3g5m
565,408,0.9117647058823529,155,136,19,0.08823529411764708,True,False,xes3g5m
566,240,0.9291666666666667,77,67,10,0.0708333333333333,True,False,xes3g5m
567,279,0.8387096774193549,89,71,18,0.16129032258064513,True,False,xes3g5m
568,203,0.9310344827586207,58,54,4,0.06896551724137934,True,False,xes3g5m
569,252,0.7976190476190477,83,60,23,0.20238095238095233,True,False,xes3g5m
57,60464,0.7562847314104261,17194,13084,4110,0.24371526858957393,True,True,xes3g5m
570,112,0.9196428571428571,33,32,1,0.0803571428571429,True,False,xes3g5m
571,273,0.8498168498168498,97,86,11,0.1501831501831502,True,False,xes3g5m
572,146,0.910958904109589,48,43,5,0.08904109589041098,True,False,xes3g5m
573,124,0.9758064516129032,51,50,1,0.024193548387096753,True,False,xes3g5m
574,302,0.9139072847682119,98,89,9,0.08609271523178808,True,False,xes3g5m
575,121,0.7107438016528925,40,34,6,0.2892561983471075,True,False,xes3g5m
576,298,0.6946308724832215,99,80,19,0.30536912751677847,True,False,xes3g5m
577,253,0.8814229249011858,70,62,8,0.11857707509881421,True,False,xes3g5m
578,311,0.5466237942122186,95,53,42,0.4533762057877814,True,False,xes3g5m
579,615,0.2682926829268293,190,61,129,0.7317073170731707,True,True,xes3g5m
58,17967,0.8095953692881394,5189,4162,1027,0.19040463071186065,True,True,xes3g5m
580,613,0.7732463295269169,141,104,37,0.22675367047308315,True,True,xes3g5m
581,816,0.6384803921568627,225,150,75,0.3615196078431373,True,True,xes3g5m
582,1534,0.9106910039113429,408,371,37,0.08930899608865706,True,True,xes3g5m
583,761,0.9316688567674113,203,189,14,0.06833114323258871,True,False,xes3g5m
584,357,0.7563025210084033,81,61,20,0.24369747899159666,True,False,xes3g5m
585,713,0.758765778401122,203,153,50,0.24123422159887797,True,True,xes3g5m
586,3210,0.7875389408099689,983,809,174,0.2124610591900311,True,True,xes3g5m
587,588,0.9693877551020408,228,223,5,0.030612244897959218,True,False,xes3g5m
588,293,0.9795221843003413,114,113,1,0.020477815699658675,True,False,xes3g5m
589,275,0.8145454545454546,118,99,19,0.18545454545454543,True,False,xes3g5m
59,8750,0.8165714285714286,2613,2159,454,0.18342857142857139,True,True,xes3g5m
590,51,0.29411764705882354,23,7,16,0.7058823529411764,True,False,xes3g5m
591,56,0.6607142857142857,22,13,9,0.3392857142857143,True,False,xes3g5m
592,67,0.4925373134328358,30,15,15,0.5074626865671642,True,False,xes3g5m
593,269,0.8364312267657993,112,96,16,0.16356877323420072,True,False,xes3g5m
594,323,0.8513931888544891,134,117,17,0.1486068111455109,True,False,xes3g5m
595,363,0.9090909090909091,137,126,11,0.09090909090909094,True,False,xes3g5m
596,93,0.6774193548387096,37,22,15,0.32258064516129037,True,False,xes3g5m
597,138,0.855072463768116,49,46,3,0.14492753623188404,True,False,xes3g5m
598,361,0.8227146814404432,107,90,17,0.17728531855955676,True,False,xes3g5m
599,55,0.9636363636363636,22,19,3,0.036363636363636376,True,False,xes3g5m
6,31549,0.7403721195600494,9073,6779,2294,0.25962788043995055,True,True,xes3g5m
60,1864,0.9340128755364807,536,488,48,0.06598712446351929,True,True,xes3g5m
600,71,0.9436619718309859,35,34,1,0.05633802816901412,True,False,xes3g5m
601,88,0.9431818181818182,27,26,1,0.05681818181818177,True,False,xes3g5m
602,87,0.735632183908046,29,22,7,0.26436781609195403,True,False,xes3g5m
603,216,0.9861111111111112,57,57,0,0.01388888888888884,True,False,xes3g5m
604,288,0.1909722222222222,87,20,67,0.8090277777777778,True,False,xes3g5m
605,312,0.7051282051282052,82,59,23,0.2948717948717948,True,False,xes3g5m
606,409,0.7775061124694377,90,72,18,0.22249388753056232,True,False,xes3g5m
607,485,0.4061855670103093,146,65,81,0.5938144329896907,True,False,xes3g5m
608,466,0.9742489270386266,115,115,0,0.025751072961373356,True,False,xes3g5m
609,108,0.6296296296296297,34,23,11,0.37037037037037035,True,False,xes3g5m
61,7009,0.761449564845199,2009,1556,453,0.238550435154801,True,True,xes3g5m
610,238,0.9243697478991597,67,59,8,0.07563025210084029,True,False,xes3g5m
611,211,0.8957345971563981,58,51,7,0.10426540284360186,True,False,xes3g5m
612,921,0.9337676438653637,259,234,25,0.0662323561346363,True,True,xes3g5m
613,484,0.9049586776859504,139,127,12,0.0950413223140496,True,False,xes3g5m
614,359,0.7799442896935933,103,76,27,0.2200557103064067,True,False,xes3g5m
615,85,0.9294117647058824,25,19,6,0.07058823529411762,True,False,xes3g5m
616,68,0.4264705882352941,25,6,19,0.5735294117647058,True,False,xes3g5m
617,65,0.8153846153846154,30,25,5,0.18461538461538463,True,False,xes3g5m
618,469,0.8272921108742004,122,96,26,0.1727078891257996,True,False,xes3g5m
619,307,0.9185667752442996,82,73,9,0.08143322475570036,True,False,xes3g5m
62,16085,0.8177805408765931,4675,3917,758,0.18221945912340687,True,True,xes3g5m
620,105,0.47619047619047616,33,15,18,0.5238095238095238,True,False,xes3g5m
621,33,0.8484848484848485,8,7,1,0.1515151515151515,True,False,xes3g5m
622,29,0.9655172413793104,7,7,0,0.03448275862068961,True,False,xes3g5m
623,332,0.7680722891566265,102,79,23,0.2319277108433735,True,False,xes3g5m
624,848,0.8325471698113207,232,197,35,0.1674528301886793,True,True,xes3g5m
625,1055,0.8492890995260663,295,252,43,0.15071090047393365,True,True,xes3g5m
626,586,0.6672354948805461,166,107,59,0.3327645051194539,True,True,xes3g5m
627,312,0.009615384615384616,78,1,77,0.9903846153846154,True,False,xes3g5m
628,217,0.6175115207373272,61,38,23,0.3824884792626728,True,False,xes3g5m
629,454,0.8480176211453745,124,109,15,0.1519823788546255,True,False,xes3g5m
63,4894,0.9013077237433592,1350,1211,139,0.09869227625664079,True,True,xes3g5m
630,132,0.7045454545454546,37,24,13,0.2954545454545454,True,False,xes3g5m
631,59,0.7627118644067796,19,14,5,0.23728813559322037,True,False,xes3g5m
632,56,0.6428571428571429,20,10,10,0.3571428571428571,True,False,xes3g5m
633,160,0.6125,47,27,20,0.38749999999999996,True,False,xes3g5m
634,423,0.7304964539007093,100,63,37,0.2695035460992907,True,False,xes3g5m
635,2617,0.7871608712265954,784,651,133,0.2128391287734046,True,True,xes3g5m
636,265,0.9735849056603774,88,81,7,0.026415094339622636,True,False,xes3g5m
637,233,0.9098712446351931,69,61,8,0.09012875536480691,True,False,xes3g5m
638,196,0.9642857142857143,59,57,2,0.0357142857142857,True,False,xes3g5m
639,161,0.9006211180124224,45,39,6,0.0993788819875776,True,False,xes3g5m
64,24463,0.8868495278583984,6952,6183,769,0.11315047214160157,True,True,xes3g5m
640,415,0.8674698795180723,124,102,22,0.1325301204819277,True,False,xes3g5m
641,83,0.9759036144578314,26,25,1,0.02409638554216864,True,False,xes3g5m
642,33,1.0,7,7,0,0.0,True,False,xes3g5m
643,1084,0.8247232472324724,330,267,63,0.17527675276752763,True,True,xes3g5m
644,1410,0.7049645390070922,433,310,123,0.2950354609929078,True,True,xes3g5m
645,714,0.40896358543417366,216,91,125,0.5910364145658263,True,True,xes3g5m
646,667,0.7976011994002998,208,179,29,0.20239880059970017,True,True,xes3g5m
647,509,0.8467583497053045,172,139,33,0.1532416502946955,True,True,xes3g5m
648,230,0.8869565217391304,78,64,14,0.11304347826086958,True,False,xes3g5m
649,942,0.7165605095541401,285,221,64,0.2834394904458599,True,True,xes3g5m
65,30450,0.8008866995073891,8944,7220,1724,0.1991133004926109,True,True,xes3g5m
650,942,0.7165605095541401,285,221,64,0.2834394904458599,True,True,xes3g5m
651,199,0.7788944723618091,50,42,8,0.2211055276381909,True,False,xes3g5m
652,191,0.9476439790575916,41,39,2,0.05235602094240843,True,False,xes3g5m
653,340,0.5852941176470589,89,57,32,0.41470588235294115,True,False,xes3g5m
654,415,0.8024096385542169,104,82,22,0.19759036144578312,True,False,xes3g5m
655,536,0.42723880597014924,160,79,81,0.5727611940298507,True,True,xes3g5m
656,450,0.84,141,123,18,0.16000000000000003,True,False,xes3g5m
657,1228,0.8371335504885994,414,356,58,0.1628664495114006,True,True,xes3g5m
658,1335,0.7588014981273409,449,353,96,0.24119850187265912,True,True,xes3g5m
659,1831,0.9328235936646642,549,511,38,0.06717640633533584,True,True,xes3g5m
66,16295,0.8432034366370053,4747,4043,704,0.15679656336299475,True,True,xes3g5m
660,375,0.9173333333333333,98,83,15,0.08266666666666667,True,False,xes3g5m
661,120,0.8083333333333333,31,22,9,0.19166666666666665,True,False,xes3g5m
662,66,0.9545454545454546,17,16,1,0.045454545454545414,True,False,xes3g5m
663,59,0.864406779661017,16,13,3,0.13559322033898302,True,False,xes3g5m
664,50,0.94,17,15,2,0.06000000000000005,True,False,xes3g5m
665,202,0.8366336633663366,73,62,11,0.1633663366336634,True,False,xes3g5m
666,71,0.8450704225352113,26,20,6,0.15492957746478875,True,False,xes3g5m
667,22,0.8636363636363636,13,11,2,0.13636363636363635,True,False,xes3g5m
668,70,0.7857142857142857,26,19,7,0.2142857142857143,True,False,xes3g5m
669,24,0.7083333333333334,12,8,4,0.29166666666666663,True,False,xes3g5m
67,19048,0.8373057538849223,5417,4537,880,0.16269424611507766,True,True,xes3g5m
670,80,0.85,29,22,7,0.15000000000000002,True,False,xes3g5m
671,93,0.8494623655913979,27,22,5,0.15053763440860213,True,False,xes3g5m
672,45,0.7555555555555555,13,11,2,0.24444444444444446,True,False,xes3g5m
673,45,0.8,15,12,3,0.19999999999999996,True,False,xes3g5m
674,42,0.8095238095238095,15,13,2,0.19047619047619047,True,False,xes3g5m
675,82,0.7804878048780488,33,26,7,0.2195121951219512,True,False,xes3g5m
676,57,0.8771929824561403,19,19,0,0.1228070175438597,True,False,xes3g5m
677,48,0.7708333333333334,19,19,0,0.22916666666666663,True,False,xes3g5m
678,76,0.8421052631578947,27,22,5,0.1578947368421053,True,False,xes3g5m
679,209,0.9760765550239234,58,58,0,0.02392344497607657,True,False,xes3g5m
68,7246,0.9590118686171681,2138,2072,66,0.04098813138283186,True,True,xes3g5m
680,281,0.9288256227758007,76,69,7,0.07117437722419928,True,False,xes3g5m
681,660,0.8590909090909091,188,162,26,0.14090909090909087,True,True,xes3g5m
682,248,0.6733870967741935,60,42,18,0.3266129032258065,True,False,xes3g5m
683,100,0.86,33,27,6,0.14,True,False,xes3g5m
684,158,0.4873417721518987,44,23,21,0.5126582278481013,True,False,xes3g5m
685,114,0.3684210526315789,35,14,21,0.631578947368421,True,False,xes3g5m
686,49,0.8571428571428571,17,14,3,0.1428571428571429,True,False,xes3g5m
687,191,0.5287958115183246,49,27,22,0.47120418848167545,True,False,xes3g5m
688,158,0.6708860759493671,51,36,15,0.3291139240506329,True,False,xes3g5m
689,339,0.6519174041297935,77,54,23,0.3480825958702065,True,False,xes3g5m
69,9072,0.7847222222222222,2584,2031,553,0.2152777777777778,True,True,xes3g5m
690,206,0.8883495145631068,60,55,5,0.11165048543689315,True,False,xes3g5m
691,217,0.7327188940092166,69,48,21,0.26728110599078336,True,False,xes3g5m
692,210,0.7571428571428571,58,49,9,0.24285714285714288,True,False,xes3g5m
693,192,0.6614583333333334,54,36,18,0.33854166666666663,True,False,xes3g5m
694,153,0.934640522875817,40,39,1,0.065359477124183,True,False,xes3g5m
695,400,0.78,106,79,27,0.21999999999999997,True,False,xes3g5m
696,586,0.9010238907849829,158,140,18,0.0989761092150171,True,False,xes3g5m
697,103,0.970873786407767,29,26,3,0.029126213592232997,True,False,xes3g5m
698,381,0.8792650918635171,107,93,14,0.12073490813648291,True,False,xes3g5m
699,160,0.71875,40,27,13,0.28125,True,False,xes3g5m
7,11934,0.8055136584548349,3542,2830,712,0.1944863415451651,True,True,xes3g5m
70,186,0.9731182795698925,52,52,0,0.026881720430107503,True,False,xes3g5m
700,247,0.8299595141700404,73,59,14,0.17004048582995956,True,False,xes3g5m
701,29,1.0,14,12,2,0.0,True,False,xes3g5m
702,238,0.40756302521008403,69,35,34,0.592436974789916,True,False,xes3g5m
703,202,0.8514851485148515,47,42,5,0.14851485148514854,True,False,xes3g5m
704,247,0.8744939271255061,61,54,7,0.1255060728744939,True,False,xes3g5m
705,149,0.959731543624161,43,38,5,0.04026845637583898,True,False,xes3g5m
706,45,0.8444444444444444,15,9,6,0.15555555555555556,True,False,xes3g5m
707,60,0.016666666666666666,23,0,23,0.9833333333333333,True,False,xes3g5m
708,30,0.7666666666666667,15,14,1,0.23333333333333328,True,False,xes3g5m
709,284,0.9929577464788732,81,79,2,0.007042253521126751,True,False,xes3g5m
71,2786,0.7803302225412778,822,633,189,0.21966977745872218,True,True,xes3g5m
710,46,0.43478260869565216,17,10,7,0.5652173913043479,True,False,xes3g5m
711,62,0.9193548387096774,19,17,2,0.08064516129032262,True,False,xes3g5m
712,100,0.39,32,15,17,0.61,True,False,xes3g5m
713,672,0.6770833333333334,180,123,57,0.32291666666666663,True,True,xes3g5m
714,107,0.897196261682243,39,35,4,0.10280373831775702,True,False,xes3g5m
715,82,0.9024390243902439,33,30,3,0.09756097560975607,True,False,xes3g5m
716,42,0.7380952380952381,15,14,1,0.26190476190476186,True,False,xes3g5m
717,25,0.96,7,6,1,0.040000000000000036,True,False,xes3g5m
718,21,0.9523809523809523,10,10,0,0.04761904761904767,True,False,xes3g5m
719,108,0.9629629629629629,21,19,2,0.03703703703703709,True,False,xes3g5m
72,3760,0.848404255319149,1078,914,164,0.15159574468085102,True,True,xes3g5m
720,103,0.5339805825242718,30,17,13,0.46601941747572817,True,False,xes3g5m
721,192,0.7239583333333334,46,34,12,0.27604166666666663,True,False,xes3g5m
722,51,0.49019607843137253,11,7,4,0.5098039215686274,True,False,xes3g5m
723,65,0.8615384615384616,22,19,3,0.1384615384615384,True,False,xes3g5m
725,46,0.7391304347826086,12,9,3,0.26086956521739135,True,False,xes3g5m
726,46,0.9565217391304348,22,22,0,0.04347826086956519,True,False,xes3g5m
727,81,0.9012345679012346,20,16,4,0.09876543209876543,True,False,xes3g5m
728,101,0.9603960396039604,31,27,4,0.03960396039603964,True,False,xes3g5m
729,47,0.9148936170212766,14,13,1,0.08510638297872342,True,False,xes3g5m
73,54222,0.8356386706502895,15354,12914,2440,0.16436132934971048,True,True,xes3g5m
730,44,0.38636363636363635,10,6,4,0.6136363636363636,True,False,xes3g5m
731,24,0.875,10,10,0,0.125,True,False,xes3g5m
732,80,0.9875,29,28,1,0.012499999999999956,True,False,xes3g5m
733,98,0.9387755102040817,36,33,3,0.061224489795918324,True,False,xes3g5m
734,142,0.9084507042253521,60,55,5,0.09154929577464788,True,False,xes3g5m
735,45,0.9111111111111111,26,24,2,0.0888888888888889,True,False,xes3g5m
736,46,0.8478260869565217,26,22,4,0.15217391304347827,True,False,xes3g5m
737,30,0.8666666666666667,15,14,1,0.1333333333333333,True,False,xes3g5m
738,29,0.9310344827586207,15,15,0,0.06896551724137934,True,False,xes3g5m
739,9,1.0,2,2,0,0.0,True,False,xes3g5m
74,5299,0.5631251179467824,1528,867,661,0.43687488205321756,True,True,xes3g5m
740,50,0.24,14,3,11,0.76,True,False,xes3g5m
741,184,0.46195652173913043,53,26,27,0.5380434782608696,True,False,xes3g5m
742,184,0.46195652173913043,53,26,27,0.5380434782608696,True,False,xes3g5m
743,31,0.22580645161290322,4,0,4,0.7741935483870968,True,False,xes3g5m
744,61,0.32786885245901637,19,7,12,0.6721311475409837,True,False,xes3g5m
745,29,0.6206896551724138,11,6,5,0.3793103448275862,True,False,xes3g5m
746,37,0.918918918918919,15,13,2,0.08108108108108103,True,False,xes3g5m
747,37,0.7837837837837838,15,11,4,0.21621621621621623,True,False,xes3g5m
748,46,0.8260869565217391,13,12,1,0.17391304347826086,True,False,xes3g5m
749,46,0.8913043478260869,12,10,2,0.10869565217391308,True,False,xes3g5m
75,307,0.9446254071661238,102,95,7,0.055374592833876246,True,False,xes3g5m
750,61,0.29508196721311475,13,4,9,0.7049180327868853,True,False,xes3g5m
751,72,0.7777777777777778,20,17,3,0.2222222222222222,True,False,xes3g5m
752,16,0.875,2,2,0,0.125,True,False,xes3g5m
753,16,1.0,2,2,0,0.0,True,False,xes3g5m
754,29,0.896551724137931,10,9,1,0.10344827586206895,True,False,xes3g5m
755,44,0.5681818181818182,15,5,10,0.43181818181818177,True,False,xes3g5m
756,55,0.6727272727272727,16,12,4,0.32727272727272727,True,False,xes3g5m
757,21,0.7619047619047619,4,2,2,0.23809523809523814,True,False,xes3g5m
758,41,0.7560975609756098,11,10,1,0.24390243902439024,True,False,xes3g5m
759,33,0.9090909090909091,11,11,0,0.09090909090909094,True,False,xes3g5m
76,19408,0.8658285243198681,5503,4739,764,0.13417147568013188,True,True,xes3g5m
760,32,0.78125,13,8,5,0.21875,True,False,xes3g5m
761,54,0.8148148148148148,10,8,2,0.18518518518518523,True,False,xes3g5m
762,43,0.9534883720930233,9,9,0,0.046511627906976716,True,False,xes3g5m
763,62,0.9516129032258065,12,10,2,0.048387096774193505,True,False,xes3g5m
764,52,0.8846153846153846,11,10,1,0.11538461538461542,True,False,xes3g5m
765,143,0.993006993006993,41,40,1,0.006993006993006978,True,False,xes3g5m
766,39,0.8974358974358975,10,10,0,0.10256410256410253,True,False,xes3g5m
767,22,0.9090909090909091,12,10,2,0.09090909090909094,True,False,xes3g5m
768,35,0.4,11,3,8,0.6,True,False,xes3g5m
769,14,0.9285714285714286,10,10,0,0.0714285714285714,True,False,xes3g5m
77,18625,0.8176107382550336,5304,4309,995,0.1823892617449664,True,True,xes3g5m
770,44,0.4772727272727273,14,8,6,0.5227272727272727,True,False,xes3g5m
771,44,1.0,14,13,1,0.0,True,False,xes3g5m
772,93,0.8602150537634409,29,25,4,0.13978494623655913,True,False,xes3g5m
773,122,0.860655737704918,36,32,4,0.139344262295082,True,False,xes3g5m
774,9,0.4444444444444444,2,1,1,0.5555555555555556,True,False,xes3g5m
775,46,0.9565217391304348,18,18,0,0.04347826086956519,True,False,xes3g5m
776,21,1.0,4,4,0,0.0,True,False,xes3g5m
777,21,0.7619047619047619,9,6,3,0.23809523809523814,True,False,xes3g5m
778,23,0.08695652173913043,8,2,6,0.9130434782608696,True,False,xes3g5m
779,29,0.7586206896551724,10,3,7,0.24137931034482762,True,False,xes3g5m
78,97596,0.812195171933276,27722,22581,5141,0.18780482806672405,True,True,xes3g5m
780,63,0.6984126984126984,16,11,5,0.3015873015873016,True,False,xes3g5m
781,40,0.625,6,6,0,0.375,True,False,xes3g5m
782,6,0.5,2,1,1,0.5,True,False,xes3g5m
783,89,0.9325842696629213,27,27,0,0.0674157303370787,True,False,xes3g5m
784,15,0.5333333333333333,4,0,4,0.4666666666666667,True,False,xes3g5m
785,75,0.49333333333333335,24,13,11,0.5066666666666666,True,False,xes3g5m
786,205,0.526829268292683,53,22,31,0.47317073170731705,True,False,xes3g5m
787,11,1.0,1,1,0,0.0,True,False,xes3g5m
788,16,1.0,8,8,0,0.0,True,False,xes3g5m
79,1245,0.8240963855421687,411,322,89,0.17590361445783131,True,True,xes3g5m
796,9,0.6666666666666666,2,2,0,0.33333333333333337,True,False,xes3g5m
797,11,1.0,2,1,1,0.0,True,False,xes3g5m
798,11,0.7272727272727273,3,3,0,0.2727272727272727,True,False,xes3g5m
799,15,0.5333333333333333,5,4,1,0.4666666666666667,True,False,xes3g5m
8,4673,0.8617590413010914,1394,1190,204,0.13824095869890862,True,True,xes3g5m
80,2637,0.8373151308304891,739,647,92,0.16268486916951086,True,True,xes3g5m
800,1,0.0,1,0,1,1.0,True,False,xes3g5m
801,9,0.8888888888888888,1,1,0,0.11111111111111116,True,False,xes3g5m
802,7,0.7142857142857143,1,1,0,0.2857142857142857,True,False,xes3g5m
803,1,1.0,1,0,1,0.0,True,False,xes3g5m
804,10,1.0,5,4,1,0.0,True,False,xes3g5m
805,11,0.9090909090909091,4,3,1,0.09090909090909094,True,False,xes3g5m
806,10,0.9,4,4,0,0.09999999999999998,True,False,xes3g5m
807,7,1.0,2,2,0,0.0,True,False,xes3g5m
808,1,1.0,2,2,0,0.0,True,False,xes3g5m
809,54,0.9259259259259259,7,7,0,0.07407407407407407,True,False,xes3g5m
81,43085,0.8116513867935476,12365,10129,2236,0.18834861320645235,True,True,xes3g5m
810,10,0.7,3,3,0,0.30000000000000004,True,False,xes3g5m
82,7970,0.7623588456712672,2303,1765,538,0.23764115432873278,True,True,xes3g5m
820,56,0.6071428571428571,18,13,5,0.3928571428571429,True,False,xes3g5m
821,143,0.8601398601398601,42,38,4,0.1398601398601399,True,False,xes3g5m
822,77,0.7662337662337663,11,9,2,0.23376623376623373,True,False,xes3g5m
823,77,0.7662337662337663,11,9,2,0.23376623376623373,True,False,xes3g5m
824,138,0.7681159420289855,22,16,6,0.23188405797101452,True,False,xes3g5m
825,16,0.625,7,6,1,0.375,True,False,xes3g5m
826,89,0.7303370786516854,27,22,5,0.2696629213483146,True,False,xes3g5m
827,137,0.6058394160583942,42,30,12,0.3941605839416058,True,False,xes3g5m
828,105,0.4857142857142857,29,15,14,0.5142857142857142,True,False,xes3g5m
83,3777,0.6531638866825523,1070,715,355,0.3468361133174477,True,True,xes3g5m
830,70,0.5571428571428572,18,10,8,0.44285714285714284,True,False,xes3g5m
831,25,0.24,10,2,8,0.76,True,False,xes3g5m
832,74,0.36486486486486486,27,10,17,0.6351351351351351,True,False,xes3g5m
833,15,0.26666666666666666,5,0,5,0.7333333333333334,True,False,xes3g5m
834,15,0.26666666666666666,5,0,5,0.7333333333333334,True,False,xes3g5m
836,35,0.0,9,1,8,1.0,True,False,xes3g5m
838,1,1.0,2,1,1,0.0,True,False,xes3g5m
839,15,0.4,3,2,1,0.6,True,False,xes3g5m
84,1950,0.8343589743589743,544,445,99,0.16564102564102567,True,True,xes3g5m
841,3,0.3333333333333333,2,1,1,0.6666666666666667,True,False,xes3g5m
844,5,0.0,1,0,1,1.0,True,False,xes3g5m
845,5,1.0,1,1,0,0.0,True,False,xes3g5m
846,4,0.25,1,0,1,0.75,True,False,xes3g5m
848,6,0.6666666666666666,1,1,0,0.33333333333333337,True,False,xes3g5m
849,13,0.5384615384615384,2,1,1,0.46153846153846156,True,False,xes3g5m
85,1590,0.6553459119496855,426,285,141,0.3446540880503145,True,True,xes3g5m
850,6,1.0,2,1,1,0.0,True,False,xes3g5m
858,5,0.8,1,1,0,0.19999999999999996,True,False,xes3g5m
859,9,0.7777777777777778,1,1,0,0.2222222222222222,True,False,xes3g5m
86,7861,0.723953695458593,2080,1485,595,0.276046304541407,True,True,xes3g5m
87,7238,0.7105554020447638,1983,1460,523,0.28944459795523625,True,True,xes3g5m
88,35167,0.8080018198879632,9375,7595,1780,0.19199818011203684,True,True,xes3g5m
89,813,0.7047970479704797,236,162,74,0.2952029520295203,True,True,xes3g5m
9,24243,0.7949098708905663,7120,5704,1416,0.2050901291094337,True,True,xes3g5m
90,122,0.5327868852459017,28,19,9,0.4672131147540983,True,False,xes3g5m
91,26482,0.7614983762555698,7206,5572,1634,0.23850162374443018,True,True,xes3g5m
92,5250,0.8262857142857143,1441,1212,229,0.1737142857142857,True,True,xes3g5m
93,3338,0.7273816656680647,920,700,220,0.2726183343319353,True,True,xes3g5m
94,896,0.9408482142857143,259,245,14,0.0591517857142857,True,False,xes3g5m
95,1217,0.9597370583401807,316,302,14,0.04026294165981925,True,False,xes3g5m
96,2892,0.8938450899031812,808,722,86,0.10615491009681877,True,True,xes3g5m
97,1375,0.8967272727272727,368,330,38,0.1032727272727273,True,True,xes3g5m
98,5311,0.7765016004518923,1362,1072,290,0.22349839954810768,True,True,xes3g5m
99,10860,0.7831491712707183,3111,2475,636,0.21685082872928174,True,True,xes3g5m
