AUC,ACC,NLL,RMSE,ECE,Brier,REL,RES,n_events,kc_id,dataset,model,level,seed
0.785504088001364,0.7475369458128078,0.511037655709713,0.4118352354047276,0.07153128081327075,0.16960826112086738,0.008141950722865145,0.042694062738489774,1624,0,xes3g5m,dkt,full,42
0.7400172115305161,0.7891566265060241,0.4971249404805595,0.3968693224859502,0.06437509061084185,0.15750525913045715,0.00645593692469829,0.028949679877029597,1660,1,xes3g5m,dkt,full,42
0.8598530129309689,0.8278351798829827,0.3974724980964278,0.3527064745128586,0.04096316116493504,0.12440185716328975,0.0023239163490766297,0.0690241696056818,8033,10,xes3g5m,dkt,full,42
0.7449370638085743,0.7828947368421053,0.47793549854971423,0.39287072579776955,0.07712018396245857,0.15434740718886622,0.012311712821843512,0.03051469852574974,608,100,xes3g5m,dkt,full,42
0.7769874603780674,0.7561819980217607,0.5023814248681656,0.4074594324773498,0.06276607224773006,0.16602318911476396,0.006233533225723711,0.04222763401533771,2022,101,xes3g5m,dkt,full,42
0.9610778118707937,0.9236941931718704,0.17430904477199358,0.23451244815218444,0.01965696573187501,0.054996088338330994,0.0017025409609990807,0.09367815760550628,6854,102,xes3g5m,dkt,full,42
0.9877145438121049,0.9488752556237219,0.11384890944310214,0.19246011686075892,0.023039766212677747,0.037040896582056976,0.005830323522302877,0.1539239548178537,489,103,xes3g5m,dkt,full,42
0.7448098642378109,0.8278827656444495,0.4156690220648595,0.35842807617106665,0.039953764233157704,0.12847068578769197,0.0034505638960760365,0.01828285431509511,8837,104,xes3g5m,dkt,full,42
0.8855370132648694,0.8522895125553914,0.36842200861419483,0.336179200845166,0.061332966539591936,0.11301645508089446,0.010429831257468634,0.07984627537631891,677,105,xes3g5m,dkt,full,42
0.7465330360924749,0.9036292300147131,0.27956407560715835,0.2807062538573941,0.019916881919053296,0.07879600095465178,0.0017586438204213334,0.006331095741438302,8156,106,xes3g5m,dkt,full,42
0.7251905360015005,0.7720588235294118,0.558670664350299,0.41872893292901503,0.09830594721872422,0.17533391927187156,0.013028831676444119,0.032054972153515195,952,107,xes3g5m,dkt,full,42
0.7276098335587837,0.8124430033438038,0.4295357581097017,0.36770267471717905,0.046806012541167064,0.13520525699416758,0.0057003343802496,0.015270018439730642,9869,108,xes3g5m,dkt,full,42
0.6783094215110086,0.79496727600993,0.4733435021391835,0.3893647543263752,0.02730805247927916,0.15160491191163852,0.002081441053504236,0.010097975537482,8862,109,xes3g5m,dkt,full,42
0.8813373702486605,0.8838046272493574,0.282457125442908,0.29608094806553853,0.04485808033397384,0.08766392780738812,0.0055844957659219804,0.059272579018089716,3890,11,xes3g5m,dkt,full,42
0.7061061061061061,0.8820754716981132,0.3697338481818078,0.31705234274049576,0.07901059002516664,0.10052218803723681,0.01567114353185921,0.02593625721753797,212,110,xes3g5m,dkt,full,42
0.6046511627906976,0.7916666666666666,0.5012554369217171,0.3928229835622437,0.12553425368645954,0.1543098964147428,0.03599836595444839,0.008073351839066635,288,111,xes3g5m,dkt,full,42
0.6943540528504217,0.7593203144813594,0.5065936717929023,0.4074272758442804,0.04795685260656547,0.16599698510189134,0.00656438109652456,0.015226075306245136,3943,112,xes3g5m,dkt,full,42
0.8489948848472868,0.8360291785601015,0.3728958785150224,0.3451634715217531,0.06371962866932801,0.11913782207294805,0.008521557319720315,0.06729131474416826,3153,114,xes3g5m,dkt,full,42
1.0,1.0,2.2786713353492793e-06,5.963228475893091e-05,2.276890978791754e-06,3.5560093855702236e-09,5.9285208536065074e-12,0.18040184798599396,1122,115,xes3g5m,dkt,full,42
0.7215453244115984,0.6748603351955307,0.5932081719033625,0.4510107618194775,0.0904026821838411,0.2034107072769855,0.01297473732623422,0.034828474058967385,895,116,xes3g5m,dkt,full,42
0.8513114621304173,0.8708560118753093,0.3477258545932564,0.3206924292050545,0.05904932908052045,0.10284363414943887,0.009378691445395725,0.056571684200274995,2021,117,xes3g5m,dkt,full,42
0.7101897107273452,0.7277676950998185,0.5781772476739573,0.4334646256643986,0.0783795715088258,0.1878915817023772,0.009905394182170353,0.023505179143287706,1653,118,xes3g5m,dkt,full,42
0.7810571561108458,0.8551853842020419,0.3682967655866555,0.33494542496428037,0.03784562925701038,0.11218843770450239,0.0028191067955578063,0.028780729989546165,3722,121,xes3g5m,dkt,full,42
0.8442767295597484,0.8640226628895185,0.335823655294858,0.3118569428041815,0.0661809653505121,0.09725475277517055,0.01574972825479379,0.04586498340615242,353,129,xes3g5m,dkt,full,42
0.7136739025469763,0.8405271828665568,0.40371394195211113,0.35015723223883854,0.041828298588364704,0.1226100872891639,0.004020557525169134,0.01066983050570766,3035,131,xes3g5m,dkt,full,42
0.6565506321521963,0.8726708074534162,0.3883657915514314,0.32526270093199466,0.07223988095188508,0.1057958246175762,0.012579800134298295,0.00737180863513076,644,137,xes3g5m,dkt,full,42
0.9222054109991705,0.9279148524431543,0.2116350959553527,0.246254008720362,0.02736388204128446,0.06064103681084812,0.005074518982036562,0.07305655166018406,6201,139,xes3g5m,dkt,full,42
0.9526925068752454,0.9311698508243915,0.17554016869956576,0.22566119046495445,0.024390525147054018,0.05092297288206045,0.0023848483756099994,0.06969247653411566,7642,14,xes3g5m,dkt,full,42
0.599098588355349,0.9717707442258341,0.16828472993372454,0.20217807142273117,0.050077279910152095,0.04087597256421499,0.015233667957797457,8.478260971942382e-05,1169,143,xes3g5m,dkt,full,42
0.853888799614334,0.9245960502692998,0.22528977338964823,0.24455234034809692,0.03772228757584968,0.05980584716973143,0.006548731013458382,0.026691196429670012,557,159,xes3g5m,dkt,full,42
0.4826713958504748,0.6317733990147784,1.0019831200020715,0.5311547828203572,0.24266735000393624,0.28212540331294084,0.07922203623141237,0.0025322771103539624,1624,0,xes3g5m,dkt,t500,42
0.613891357755971,0.7042168674698795,0.7218860730087817,0.4660016613199568,0.16988519349399148,0.21715754835295972,0.044008970653423365,0.00659265476593861,1660,1,xes3g5m,dkt,t500,42
0.5574104579466238,0.5879497074567409,0.9730368568147714,0.5493023821190792,0.27208282441020737,0.301733107001695,0.11173881295853695,0.0017914701408687068,8033,10,xes3g5m,dkt,t500,42
0.6215260468594217,0.7269736842105263,0.6619334994884797,0.4501632187038496,0.15749298166146647,0.20264692347380997,0.04025976835197391,0.011371932959275207,608,100,xes3g5m,dkt,t500,42
0.43809705631011475,0.536597428288823,1.013104834849824,0.5656791422460665,0.30467964250536345,0.31999289197224556,0.1229722884321098,0.005373052672922559,2022,101,xes3g5m,dkt,t500,42
0.5821443436229262,0.7810037934053108,0.5613581125220696,0.41450714698419455,0.13898073657064422,0.17181617490097667,0.030161889943056668,0.005285558267700661,6854,102,xes3g5m,dkt,t500,42
0.8956639566395663,0.8773006134969326,0.3381826487273395,0.30962070049630097,0.04542102529391163,0.09586497817582011,0.005783020687098462,0.0950803861329233,489,103,xes3g5m,dkt,t500,42
0.4886458754328161,0.7081588774470974,0.7959871246689663,0.470333235292636,0.21369914880211816,0.2212133522208381,0.07774589606775546,0.0003087837995259875,8837,104,xes3g5m,dkt,t500,42
0.7999453240146437,0.7518463810930576,0.5488959618245735,0.4137353751396198,0.12727082267395348,0.1711769606419219,0.03034116985573817,0.042911389652850344,677,105,xes3g5m,dkt,t500,42
0.6160519559915343,0.8907552721922511,0.44537270568950826,0.30985906926592327,0.08157864783316404,0.09601264280634425,0.01378130863743796,0.0011370535280619976,8156,106,xes3g5m,dkt,t500,42
0.5203806741649665,0.7195378151260504,0.9614139143705988,0.48758405628167256,0.19766719961042314,0.23773821194008923,0.04607214452190206,0.002816981996549194,952,107,xes3g5m,dkt,t500,42
0.4797885419227932,0.7851859357584355,0.7207894106258161,0.426737307128203,0.1597288754626268,0.18210472929503027,0.03705823809249792,0.0002639409467832961,9869,108,xes3g5m,dkt,t500,42
0.5708306410872996,0.7822162040171519,0.633524309551183,0.42222493983067877,0.12463326606213457,0.17827389981502031,0.02043469873418199,0.0016770345301869458,8862,109,xes3g5m,dkt,t500,42
0.5012080939500294,0.7532133676092545,0.7709770363878937,0.4422327269593599,0.17787329833290189,0.19556978479391174,0.05414899598917513,0.00084047943462032,3890,11,xes3g5m,dkt,t500,42
0.5013013013013012,0.8490566037735849,0.8574778158022093,0.3656291658942986,0.1284234403228422,0.13368468695256053,0.02599229756005659,0.0038895204267667786,212,110,xes3g5m,dkt,t500,42
0.5118177503559563,0.75,0.7135237769543448,0.43391745764424056,0.17338059820920337,0.1882843600484413,0.06516355363153756,0.004289197974093806,288,111,xes3g5m,dkt,t500,42
0.5128435064295614,0.7187420745625158,0.8620043498645918,0.47712000302762636,0.20011390799492584,0.2276434972890822,0.05270292820714907,0.00037784613796951953,3943,112,xes3g5m,dkt,t500,42
0.6413872464888082,0.5731049793847129,1.0508461217096843,0.5649866046483535,0.3110736211840624,0.3192098634320749,0.148432111248356,0.008204974420564656,3153,114,xes3g5m,dkt,t500,42
0.14416239184518173,0.19607843137254902,1.9951342998516701,0.7812524531448501,0.6512038545006947,0.6103553955448462,0.4956557690445926,0.06523037742245956,1122,115,xes3g5m,dkt,t500,42
0.5900828922400878,0.4849162011173184,1.3776412269516602,0.6369428052920041,0.40809950027777425,0.4056961372132478,0.18893321931666887,0.008437500186243261,895,116,xes3g5m,dkt,t500,42
0.6639870392871607,0.7926768926274121,0.7008201585826197,0.4076258566166234,0.13657503045140548,0.16615883898243605,0.024339950567620314,0.008921856342714782,2021,117,xes3g5m,dkt,t500,42
0.5155551935121827,0.6654567453115547,1.0262454869904372,0.5203530330895629,0.22666903516297104,0.2707672790455078,0.07002493976565938,0.0020508748647428323,1653,118,xes3g5m,dkt,t500,42
0.5255149402032636,0.7431488447071467,0.6934668640302681,0.4430141287171932,0.17800102403691698,0.19626151824305382,0.05800690725712213,0.0005215868737082928,3722,121,xes3g5m,dkt,t500,42
0.6132704402515724,0.7252124645892352,0.956061287412058,0.486797116161001,0.2460039907992355,0.23697143230266712,0.1200643418306148,0.010221755431528125,353,129,xes3g5m,dkt,t500,42
0.5928442575678322,0.7627677100494233,0.7505799928983303,0.43725118323905143,0.18149061460950122,0.19118859724395054,0.06337613274227755,0.001854927622284228,3035,131,xes3g5m,dkt,t500,42
0.613427536405729,0.8726708074534162,0.6918404141505353,0.3393112263689344,0.10626525622112848,0.11513210833999024,0.01936800489297248,0.004633276751154149,644,137,xes3g5m,dkt,t500,42
0.7135068613949892,0.8089017900338655,0.4945873209563917,0.3841368874287603,0.14511911950857823,0.14756114828345604,0.040562683324305696,0.02195841699861031,6201,139,xes3g5m,dkt,t500,42
0.7075751697353246,0.8554043444124575,0.5045384447756791,0.3454527351425137,0.08896402550479683,0.11933759221744372,0.012511505401433518,0.011724598365751097,7642,14,xes3g5m,dkt,t500,42
0.578462497874029,0.9726261762189906,0.20317133390609105,0.19732578619195765,0.04719140080430756,0.038937465896274184,0.013307578664821983,0.00018130625407878796,1169,143,xes3g5m,dkt,t500,42
0.6435400932026355,0.7540394973070018,0.5510752825926409,0.4134213606634561,0.20679322817852752,0.17091722145282343,0.09941535117651948,0.008997924073658702,557,159,xes3g5m,dkt,t500,42
0.6001930959846413,0.5788177339901478,1.036968816194919,0.5574634469049414,0.27492415347573057,0.3107654946351384,0.11362813825870259,0.006850550962136141,1624,0,xes3g5m,dkt,t100,42
0.6367953903732322,0.7421686746987952,0.9049748562754555,0.46114842093621106,0.18370077646344374,0.21265786613196092,0.0410657320918705,0.007996454750635587,1660,1,xes3g5m,dkt,t100,42
0.66118988292576,0.7460475538404083,0.8443680206799022,0.45799306576452165,0.16592844764154338,0.20975764828838545,0.030465051814052468,0.01166880775320919,8033,10,xes3g5m,dkt,t100,42
0.6312313060817547,0.6546052631578947,0.9437016501729752,0.5178361530024935,0.2582723750879507,0.2681542813564219,0.10344161895560726,0.008314788669268915,608,100,xes3g5m,dkt,t100,42
0.5062395073849828,0.6102868447082097,1.3225514771180826,0.5759211812254614,0.3099629288733672,0.3316852069841308,0.1325426659337659,0.00202060426211021,2022,101,xes3g5m,dkt,t100,42
0.6948865147539416,0.8180624452874234,0.700748597978394,0.3942372025723259,0.13135277154670175,0.15542297189205315,0.019590966582567287,0.010237623233045796,6854,102,xes3g5m,dkt,t100,42
0.5238256549232159,0.45194274028629855,1.2274719180183071,0.6244876362865937,0.38296559333774133,0.3899848078748168,0.21283080375976252,0.007854652258314011,489,103,xes3g5m,dkt,t100,42
0.4703939039502809,0.7568179246350571,0.8418800610655788,0.4502436149921705,0.18889759028739567,0.20271931284121789,0.05933747856757156,0.0004051904633004729,8837,104,xes3g5m,dkt,t100,42
0.4666595350164028,0.5937961595273265,1.2863681142681802,0.5752913468004751,0.3234137216221096,0.3309601337035046,0.15538059275555885,0.008247971774195763,677,105,xes3g5m,dkt,t100,42
0.6203816518153743,0.8999509563511525,0.5447829628668917,0.30339709953955085,0.0831362448125491,0.09204980000901213,0.009877386521905234,0.0015022925141473281,8156,106,xes3g5m,dkt,t100,42
0.6076634972236589,0.7321428571428571,1.2913420439950454,0.4866088723082719,0.22076262290953436,0.23678819460912803,0.05285412786217239,0.009764870192499525,952,107,xes3g5m,dkt,t100,42
0.5995151103738603,0.7790049650420509,0.6604851227801559,0.4181015754204934,0.14104092742295382,0.17480892736909856,0.03259203790452215,0.0024708528427047384,9869,108,xes3g5m,dkt,t100,42
0.4621413465843929,0.7358384111938614,0.8317290319122935,0.4625361323949575,0.18533306680242434,0.21393967377088566,0.054219804091723015,0.0005768301982908843,8862,109,xes3g5m,dkt,t100,42
0.5968563942354265,0.7655526992287918,0.6529170035437392,0.42511745394399864,0.1342671966176689,0.18072484964782778,0.04218855454648719,0.003400204716579118,3890,11,xes3g5m,dkt,t100,42
0.676076076076076,0.8820754716981132,0.7712433678017188,0.3345863229343665,0.1108048382513928,0.1119480074947402,0.02120016599066304,0.0204116717401223,212,110,xes3g5m,dkt,t100,42
0.580920740389179,0.7048611111111112,0.8083033370125847,0.4710375405188332,0.21313747904463923,0.2218763645780314,0.10541248758412491,0.01159159016017007,288,111,xes3g5m,dkt,t100,42
0.48716402620327376,0.44712148110575706,1.3116553300762066,0.6397951556487758,0.40559409963742177,0.4093378411916412,0.23500591657056943,0.0009399264669872652,3943,112,xes3g5m,dkt,t100,42
0.5932734730920952,0.5924516333650491,1.06821386770194,0.5568076424134796,0.2920587315125866,0.31003475065005737,0.13464051096794585,0.0038421886846493605,3153,114,xes3g5m,dkt,t100,42
0.9906783206006032,0.9625668449197861,0.10293183862107316,0.17041830164303043,0.015556401808649837,0.029042397534894907,0.0019554757641018247,0.1533987868818848,1122,115,xes3g5m,dkt,t100,42
0.5356120376843436,0.6357541899441341,1.7117697548223336,0.5774213084467319,0.3183547224503468,0.3334153674483359,0.11167307231325871,0.003097322181573786,895,116,xes3g5m,dkt,t100,42
0.5526358849736734,0.7857496288965858,0.7883163641083994,0.4266569435466331,0.1647742123378534,0.18203614747655486,0.03377052818724122,0.0020110928435814646,2021,117,xes3g5m,dkt,t100,42
0.6172567973643243,0.6890502117362372,1.243534429722635,0.5148099377124354,0.24125333892615192,0.2650292719674816,0.07209606223975386,0.008906492116178754,1653,118,xes3g5m,dkt,t100,42
0.6504240255274352,0.7968833960236432,0.6488934001958432,0.4042248053581256,0.1317872987825816,0.16339769326681455,0.03056782118340942,0.005294775872419545,3722,121,xes3g5m,dkt,t100,42
0.7094654088050315,0.8470254957507082,0.7552526856124133,0.373761481725426,0.13428051208301578,0.13969764522158595,0.020760997695173613,0.007088118229281806,353,129,xes3g5m,dkt,t100,42
0.6387504358964042,0.7897858319604613,0.6643803990672816,0.40934984063606805,0.14196378786593292,0.16756729202877432,0.04334480064108394,0.0050277144600994845,3035,131,xes3g5m,dkt,t100,42
0.5311517884989084,0.8726708074534162,0.744628142793977,0.34099637887811746,0.10646331525459789,0.11627853040798863,0.016351174752379318,0.0006541832638689872,644,137,xes3g5m,dkt,t100,42
0.6586244594235462,0.7879374294468634,0.7660755061247743,0.4212496554031304,0.1733674824595574,0.17745127217725612,0.0511342375909454,0.0018261310907422706,6201,139,xes3g5m,dkt,t100,42
0.588196338233278,0.7800314053912588,0.6182308834704973,0.4124788085529527,0.14761047873960623,0.1701387675052634,0.05268644172514025,0.0015354689094461678,7642,14,xes3g5m,dkt,t100,42
0.507738533930495,0.9717707442258341,0.2149480604568065,0.2020186265409041,0.05212561201767858,0.04081152546947329,0.0159270700866814,0.0009761870497905303,1169,143,xes3g5m,dkt,t100,42
0.7575325405752853,0.9102333931777379,0.6929871163605533,0.2947787602288572,0.08665135439923605,0.08689451748206206,0.012692419539522956,0.005221486149090289,557,159,xes3g5m,dkt,t100,42
0.518002216341628,0.6557881773399015,1.068424817097383,0.5259246236032653,0.2371528675550884,0.27659670971223627,0.07296628996323568,0.001429989589867088,1624,0,xes3g5m,dkt,t50,42
0.5791307169388467,0.6566265060240963,0.9254025553118221,0.5112597674845256,0.23342652211747,0.2613865498483312,0.08436253529598617,0.003137456624806067,1660,1,xes3g5m,dkt,t50,42
0.6775567368857742,0.6984937134320927,0.9077352900621866,0.48600456920010665,0.2051923105981741,0.23620044128338127,0.06047429331425753,0.015137906520646883,8033,10,xes3g5m,dkt,t50,42
0.49880047357926227,0.6233552631578947,1.3624867621880152,0.5578426571443622,0.2929036632965443,0.31118843012988245,0.1413754775023148,0.0031739565540749464,608,100,xes3g5m,dkt,t50,42
0.43859342897143583,0.6271018793273986,1.152770022434665,0.5402730245020553,0.25918753779528736,0.2918949410045984,0.09284603243056279,0.003765034056375859,2022,101,xes3g5m,dkt,t50,42
0.7141106800966727,0.8297344616282463,0.5457601728536108,0.3727499484821466,0.09972286061591003,0.13894252409344293,0.011666231222356018,0.019693296651932646,6854,102,xes3g5m,dkt,t50,42
0.536303071364047,0.7443762781186094,1.1294218498930404,0.4720595534162508,0.20441166167899755,0.2228402219715501,0.04855199773019801,0.011369794557627584,489,103,xes3g5m,dkt,t50,42
0.4775846517441565,0.5231413375579947,1.548748422133446,0.6224377947585786,0.4027979204172135,0.38742880834392246,0.24421381809882733,0.0005900385256529732,8837,104,xes3g5m,dkt,t50,42
0.6950149764655542,0.6454948301329394,0.8107153267635349,0.5069745489298073,0.22824317655812243,0.2570231932625816,0.0958398047983421,0.02151549601168336,677,105,xes3g5m,dkt,t50,42
0.44214535895023,0.6824423737126042,0.8357672775798711,0.4818458264573299,0.2627233171256905,0.23217540047434726,0.14835802444563953,0.00048444200954148356,8156,106,xes3g5m,dkt,t50,42
0.5488971361344921,0.4737394957983193,2.038793998559019,0.6701629956938072,0.44356459517679725,0.4491184407972979,0.25925543913733,0.004547209096706381,952,107,xes3g5m,dkt,t50,42
0.5680570898544481,0.7722160299929071,0.6315789163813779,0.4228693785912018,0.14173521916617346,0.17881851135010918,0.03582035250302,0.0021487493538233015,9869,108,xes3g5m,dkt,t50,42
0.5830648263078735,0.7683367185736854,1.037651943787131,0.4477835017839524,0.18212754663824132,0.20051006446989889,0.042346916591151716,0.00130917892705189,8862,109,xes3g5m,dkt,t50,42
0.3999151912458364,0.8100257069408741,1.0906607845976029,0.41575541728562315,0.15683249860863113,0.17285256700234264,0.031078084559189527,0.0014140210563969055,3890,11,xes3g5m,dkt,t50,42
0.538938938938939,0.8301886792452831,0.6586644868387815,0.38338613019054346,0.15371663520499218,0.14698492482248032,0.04021511508193173,0.0037552045443992148,212,110,xes3g5m,dkt,t50,42
0.5776934029425724,0.8263888888888888,0.7223048798806725,0.3991584161295308,0.14866228962394717,0.15932744116703568,0.039118307069243505,0.0066574968595181855,288,111,xes3g5m,dkt,t50,42
0.5810682155229558,0.7258432665483134,0.7519455152506734,0.4623335747271002,0.1691961643084574,0.21375233431993912,0.041777217840037136,0.0032231834378948646,3943,112,xes3g5m,dkt,t50,42
0.6585854592180578,0.754836663495084,0.8483425629061773,0.4504788231028701,0.1641076859431166,0.2029311700641469,0.03455740271913977,0.010406829461655375,3153,114,xes3g5m,dkt,t50,42
0.9236586600911472,0.7638146167557932,0.6308128416546844,0.4263427445580454,0.18646818494387699,0.18176813583728674,0.05870117123294941,0.052609220934860264,1122,115,xes3g5m,dkt,t50,42
0.5226483349423527,0.39217877094972065,1.7072832034367844,0.6980338181996785,0.48646961049953613,0.48725121135042176,0.27143929393979777,0.009940789953771293,895,116,xes3g5m,dkt,t50,42
0.43202754151478334,0.7085601187530925,1.0587044762562796,0.48484122861749596,0.2381891369635773,0.235071016967323,0.08444659509004368,0.0016001899935247973,2021,117,xes3g5m,dkt,t50,42
0.49066833206618155,0.49727767695099817,2.2158821859244378,0.6664233973727677,0.4034182238547757,0.44412014456586185,0.2465613190361268,0.004881954146340255,1653,118,xes3g5m,dkt,t50,42
0.5029485770454045,0.6499193981730252,1.0294492282459162,0.522431066183024,0.26494011967753633,0.2729342189131313,0.13480871243527778,0.000826480089856222,3722,121,xes3g5m,dkt,t50,42
0.6073584905660377,0.8356940509915014,0.7996018310135221,0.3879793351826251,0.14559529425191137,0.15052796452875178,0.02656800631464939,0.0038086146453118336,353,129,xes3g5m,dkt,t50,42
0.5888708941911776,0.7848434925864909,0.6407652732548164,0.4110190357882808,0.15107532875210392,0.16893664778032805,0.041690229577158885,0.0022779913166579516,3035,131,xes3g5m,dkt,t50,42
0.532255355900487,0.7639751552795031,0.7853807532097878,0.42563846481883133,0.20204102364947196,0.18116810273333153,0.08255871083099575,0.0021078760672820656,644,137,xes3g5m,dkt,t50,42
0.7415455654610906,0.8355104015481374,0.5431135065300553,0.36331128325536044,0.11463799023630365,0.13199508854065675,0.019516009468262707,0.016016365044620586,6201,139,xes3g5m,dkt,t50,42
0.710351478566631,0.81784873069877,0.6033454487747038,0.37798683603552424,0.12662737810554814,0.14287404821614627,0.032092811103120886,0.007727227752365568,7642,14,xes3g5m,dkt,t50,42
0.4978740291399739,0.9666381522668948,0.23927272814369338,0.20490892416662448,0.05275021892413813,0.04198766720312346,0.0164662628506698,0.00045016297940968686,1169,143,xes3g5m,dkt,t50,42
0.7370641169853769,0.8994614003590664,0.35487865752237635,0.28727378609126875,0.05985954397690739,0.08252622817521203,0.01297165080105843,0.010711692247039092,557,159,xes3g5m,dkt,t50,42
0.6345908663004884,0.5917487684729064,0.8736232549030215,0.5318389638173172,0.23312406131467672,0.2828526834342776,0.08868932954304347,0.011346937187510894,1624,0,xes3g5m,simplekt,full,42
0.708735154047229,0.7704819277108433,1.0197056327321252,0.44574161913651994,0.1774249718019329,0.1986855910304464,0.038017074438054334,0.01896595925540831,1660,1,xes3g5m,simplekt,full,42
0.7831152573534761,0.7820241503796838,0.632428837196966,0.4125947421681068,0.12573557698609372,0.17023442126476654,0.018601568321947554,0.03905712094170139,8033,10,xes3g5m,simplekt,full,42
0.769254735792622,0.8009868421052632,0.6034912509893111,0.3993168738217555,0.11927572764800151,0.15945396571877982,0.018530055278331285,0.03143366363049442,608,100,xes3g5m,simplekt,full,42
0.6586543997769657,0.6909000989119684,0.723609727973098,0.46772975714974235,0.15305684754969487,0.21877112572335694,0.03158328908594345,0.014864128605989423,2022,101,xes3g5m,simplekt,full,42
0.9568437944828257,0.9222351911292676,0.22645573755880175,0.24512808432965616,0.03965758384388611,0.06008777772712702,0.002846895566937654,0.08936353309018386,6854,102,xes3g5m,simplekt,full,42
0.9860659439927733,0.9529652351738241,0.1607582110205779,0.1995319034937776,0.03979108834888502,0.03981298051185018,0.007313619323809387,0.1519426148461799,489,103,xes3g5m,simplekt,full,42
0.710542201190696,0.8293538531175738,0.49611081786942907,0.3705248524073414,0.08292710452157276,0.13728866625148214,0.007711888840511914,0.013495526731821824,8837,104,xes3g5m,simplekt,full,42
0.8550670375124803,0.8301329394387001,0.5596450500493534,0.3655462515474145,0.10950748492258414,0.13362406202036564,0.015046284762213835,0.06400127906096391,677,105,xes3g5m,simplekt,full,42
0.709263375659457,0.8907552721922511,0.41100233247827966,0.3072811035217811,0.07707144835664215,0.09442167658156356,0.013939053668312574,0.002872428761477983,8156,106,xes3g5m,simplekt,full,42
0.6830026541480299,0.7300420168067226,0.6928800559505441,0.44982450182487727,0.14850288907387843,0.202342082441999,0.028022224497878907,0.019265486696407343,952,107,xes3g5m,simplekt,full,42
0.6067760544028729,0.7831593879825717,0.722166065911997,0.4230999883838977,0.14792243214233056,0.17901360017045434,0.03697961991560981,0.0025310052035356486,9869,108,xes3g5m,simplekt,full,42
0.610608337043477,0.7477995937711578,0.7905503338361798,0.44441558866372627,0.17296172616810684,0.19750521544732633,0.041602059237918994,0.003352305283897352,8862,109,xes3g5m,simplekt,full,42
0.8568236350494415,0.874293059125964,0.4016618789514757,0.31811911757241174,0.08001962368656454,0.10119977296504992,0.010391283235556282,0.04982872622292737,3890,11,xes3g5m,simplekt,full,42
0.7880880880880882,0.8962264150943396,0.571426531020065,0.30493743851198074,0.09905616132052009,0.09298684140624805,0.020027467025345812,0.03794043413569934,212,110,xes3g5m,simplekt,full,42
0.6249169435215947,0.8055555555555556,0.9991669792300178,0.41064147514662797,0.17283944355133624,0.16862642111059867,0.05316406003758217,0.011588310140009253,288,111,xes3g5m,simplekt,full,42
0.6363762965314614,0.7479076845041847,0.6116199277848262,0.434484806126022,0.1199198853146099,0.18877704675436693,0.02155036060530804,0.007674553380194427,3943,112,xes3g5m,simplekt,full,42
0.8248183750123554,0.8236600063431653,0.4576406271473397,0.36599649113225036,0.090799184155287,0.1339534315211194,0.014745489898128199,0.05816697008619323,3153,114,xes3g5m,simplekt,full,42
1.0,1.0,0.0001229746849312765,0.0017707924203740149,0.000121362782229608,3.135705796054062e-06,6.221278557200179e-08,0.18040184798599396,1122,115,xes3g5m,simplekt,full,42
0.5350100425003051,0.6435754189944134,1.255506775109771,0.5430616209576641,0.25044408133019325,0.2949159241571656,0.07379603666395339,0.0038607369548118563,895,116,xes3g5m,simplekt,full,42
0.8040558930741191,0.8629391390400791,0.5751430743442366,0.3436938833625337,0.09780694976744833,0.11812548546081891,0.011950720428543036,0.044345789545178795,2021,117,xes3g5m,simplekt,full,42
0.6308560515549763,0.6999395039322444,0.8219261920069794,0.4789934939095916,0.17803035572247836,0.22943476720771797,0.03798696124649657,0.010431630002745405,1653,118,xes3g5m,simplekt,full,42
0.7362443557409918,0.8275120902740463,0.6127168507331101,0.37809790751925887,0.12190804115470147,0.14295802767044202,0.01977054945459682,0.014478296375734407,3722,121,xes3g5m,simplekt,full,42
0.7936477987421383,0.8923512747875354,0.46845890953886804,0.31402286293751425,0.09490161319263285,0.09861035844747286,0.014229497450952441,0.04177179942037433,353,129,xes3g5m,simplekt,full,42
0.6614166297831248,0.841845140032949,0.4758924994533978,0.3593061259457507,0.08054170473854641,0.12910089214214365,0.009174842959373592,0.009363212777176368,3035,131,xes3g5m,simplekt,full,42
0.6779022623131733,0.8773291925465838,0.46188761438576703,0.32780890032459203,0.08350077731916625,0.10745867513201833,0.011863114458572454,0.004282268064429781,644,137,xes3g5m,simplekt,full,42
0.8532013803322783,0.885502338332527,0.44232527673698724,0.31192771132460884,0.08509223653601711,0.09729889709220851,0.011304831300047235,0.04228961451041915,6201,139,xes3g5m,simplekt,full,42
0.930912711168256,0.9252813399633604,0.2248802824826472,0.24382016136747026,0.03448022832927422,0.05944827108925923,0.00201839193629297,0.06062631683872334,7642,14,xes3g5m,simplekt,full,42
0.5671665060377572,0.9692044482463644,0.26429081026454776,0.20250337476636265,0.056448260046560825,0.04100761679176593,0.01677612201441202,0.0016441852744037157,1169,143,xes3g5m,simplekt,full,42
0.8311907440141411,0.9030520646319569,0.49953944170948694,0.29674700134072596,0.08817946000268798,0.08805878280471283,0.01676565233886091,0.00781267918654409,557,159,xes3g5m,simplekt,full,42
0.5371959942775393,0.6822660098522167,0.7641981720879844,0.4862816946291983,0.15972490261396016,0.23646988653144488,0.035632055975019256,0.004342111871669109,1624,0,xes3g5m,simplekt,t500,42
0.6479536618841185,0.7222891566265061,0.6665197206625347,0.44995583142560175,0.14787960086166524,0.20246025023390454,0.03205456455541193,0.009409455719832384,1660,1,xes3g5m,simplekt,t500,42
0.5746947685369164,0.5788621934520105,1.0516788432637179,0.558472180731454,0.27885618947805846,0.3118911766509458,0.12315018462770168,0.0029435279956019187,8033,10,xes3g5m,simplekt,t500,42
0.6228034646061815,0.7779605263157895,0.9110464739214233,0.4435756109016449,0.17569805929394394,0.19675932258676745,0.03531392095912943,0.012376994626441297,608,100,xes3g5m,simplekt,t500,42
0.5956702243071086,0.5969337289812068,0.8543534066024661,0.5263183979203077,0.22703216617668764,0.2770110559893993,0.08147496643198125,0.00604498791040221,2022,101,xes3g5m,simplekt,t500,42
0.5734540437015028,0.6409395973154363,0.7601178225620532,0.4963019489258421,0.24298392649639636,0.24631562450758918,0.10278381051840728,0.003453594029550556,6854,102,xes3g5m,simplekt,t500,42
0.6539295392953929,0.7096114519427403,0.6949538021523516,0.4582592943067706,0.16555994600705148,0.2100015808185394,0.04721074304627768,0.022452758567191977,489,103,xes3g5m,simplekt,t500,42
0.6053120960122478,0.7897476519180717,0.8001207862716524,0.41977033289654236,0.15321628607935905,0.176207132380074,0.035593169083323765,0.0024633924584381824,8837,104,xes3g5m,simplekt,t500,42
0.6222364855227499,0.7149187592319055,0.7638615384965143,0.4575882233940511,0.1588577659012395,0.20938698218892401,0.038092337580949834,0.012030175212441633,677,105,xes3g5m,simplekt,t500,42
0.6319780050842951,0.8540951446787641,0.45079137985956375,0.3410566621948763,0.10925628346543295,0.11631964682750998,0.03399054327994832,0.0014062031051569532,8156,106,xes3g5m,simplekt,t500,42
0.5347966195133872,0.6165966386554622,0.8975231780861185,0.5224657378455587,0.2316144131218913,0.2729704472225041,0.08210039312147545,0.0039705886314496145,952,107,xes3g5m,simplekt,t500,42
0.5694815372765543,0.7521532070118553,0.686611010535855,0.43973466004810097,0.16698408390576813,0.19336657124761894,0.04962246357507086,0.0012339918714931964,9869,108,xes3g5m,simplekt,t500,42
0.5929957857446291,0.7456556082148499,0.615357664348543,0.4353537091767471,0.129266484938894,0.1895328520939517,0.032758394228679114,0.0028327871081379337,8862,109,xes3g5m,simplekt,t500,42
0.6630211942711942,0.7311053984575836,0.628268923637806,0.440100552234366,0.16988856272797692,0.1936884960769939,0.0596724774841707,0.00797130339379651,3890,11,xes3g5m,simplekt,t500,42
0.6970970970970971,0.8490566037735849,0.5730713051214852,0.35305661430891966,0.12176089747896737,0.12464897290727725,0.031397608753983335,0.017200390184855145,212,110,xes3g5m,simplekt,t500,42
0.6010441385856669,0.7430555555555556,0.6439417325345355,0.4247737458155393,0.17424148238650458,0.18043273513416438,0.060280453462969605,0.0057053120135631095,288,111,xes3g5m,simplekt,t500,42
0.5703669163826313,0.6895764646208471,0.9751975826898055,0.5051249741686998,0.23284449014748818,0.2551512395289297,0.08238594542132584,0.0018148340222316254,3943,112,xes3g5m,simplekt,t500,42
0.6632771572600573,0.7323184268950206,0.7601322779595818,0.45835229922574294,0.17036787274237036,0.210086830205525,0.03994734601791211,0.00817350400670039,3153,114,xes3g5m,simplekt,t500,42
0.8081900442526585,0.8128342245989305,0.5223958940724959,0.37554235202518055,0.11339091579211913,0.14103205816460462,0.020781966634852888,0.059725186892047734,1122,115,xes3g5m,simplekt,t500,42
0.5911481740404141,0.6022346368715084,0.8790634880871636,0.5245984401835636,0.212051048263512,0.27520352344302795,0.06088250687367489,0.00978507967488432,895,116,xes3g5m,simplekt,t500,42
0.6227249898744431,0.7555665512122711,0.6035184437375585,0.4265482109498133,0.13764226060445459,0.18194337626448645,0.03738007529126417,0.00723221149115364,2021,117,xes3g5m,simplekt,t500,42
0.6196155099380907,0.721113127646703,0.7016418560723864,0.46224891157783365,0.13712889903956882,0.2136740562548919,0.02172158065367579,0.009850307526753149,1653,118,xes3g5m,simplekt,t500,42
0.6081714136665908,0.7788823213326169,0.5567644050865371,0.40784060689465046,0.12387160559708815,0.1663339606321968,0.03056606749680553,0.0027912383077454512,3722,121,xes3g5m,simplekt,t500,42
0.6742767295597485,0.8158640226628895,0.5199884496356091,0.3839158527258113,0.1076797914899695,0.14739138197418683,0.03096695435094949,0.009669671179806853,353,129,xes3g5m,simplekt,t500,42
0.682505213991604,0.8345963756177924,0.4871403596471153,0.36380297141973694,0.08816210694021899,0.13235260201382995,0.011599385497722398,0.008488677555175827,3035,131,xes3g5m,simplekt,t500,42
0.6490655662980113,0.8509316770186336,0.41746040676305424,0.34149591465031354,0.09659525499280007,0.11661945972285422,0.02309288944040207,0.007011487408195008,644,137,xes3g5m,simplekt,t500,42
0.7132837855250337,0.8519593613933236,0.46615549668280276,0.35581469183010134,0.09487002452847754,0.12660409492215,0.011137799047198948,0.013043898683539695,6201,139,xes3g5m,simplekt,t500,42
0.7025635420159014,0.8332897147343628,0.4202595985727917,0.3520008332744489,0.08166635692927836,0.12390458662590638,0.014006022808107341,0.008818678451841156,7642,14,xes3g5m,simplekt,t500,42
0.4004195249163785,0.9674935842600513,0.2050233738949462,0.2185539282760109,0.07344196783976235,0.04776581956487572,0.021531510182719447,9.36813020170186e-05,1169,143,xes3g5m,simplekt,t500,42
0.7540173549734854,0.8527827648114902,0.33490623175991535,0.31765911235602046,0.10982670849005242,0.10090731166281482,0.03164005875134074,0.009947418684340167,557,159,xes3g5m,simplekt,t500,42
0.44239179582971977,0.5141625615763546,1.218990382018853,0.6029180266673219,0.3434287124119723,0.3635101468804174,0.16004952120207822,0.0021980586007249218,1624,0,xes3g5m,simplekt,t100,42
0.5339867265644052,0.6409638554216868,0.9152987602035363,0.5182810834330563,0.2425162494353002,0.2686152814445427,0.0900032364796099,0.00221554834666706,1660,1,xes3g5m,simplekt,t100,42
0.582434280535191,0.6671231171417901,0.8410163365893292,0.4986724743157352,0.20385811984382285,0.2486742366401776,0.06037352423340031,0.003292061380917724,8033,10,xes3g5m,simplekt,t100,42
0.5788416001994018,0.618421052631579,0.9005789833447166,0.5173120472443228,0.24271591228659276,0.2676117542241125,0.10214729209738851,0.007223182603156154,608,100,xes3g5m,simplekt,t100,42
0.671306751031837,0.6468842729970327,0.8709176570038921,0.5108505620357966,0.20742504396713057,0.2609682967322893,0.07487265006143658,0.015495747186935614,2022,101,xes3g5m,simplekt,t100,42
0.6263169589100586,0.7948643128100379,0.7450142121312564,0.4188557144015174,0.15336385805751293,0.17544010948680555,0.031413271195931514,0.0022933056173304054,6854,102,xes3g5m,simplekt,t100,42
0.5230578139114724,0.5214723926380368,0.9880312542001739,0.574869951300525,0.33550683440019685,0.330475460908268,0.14905262698703534,0.004863727363320818,489,103,xes3g5m,simplekt,t100,42
0.5626406401530257,0.8057032929727282,0.9014975886090205,0.4166639671689869,0.15638604891410907,0.17360886153699862,0.030932175406871095,0.00047125571914494445,8837,104,xes3g5m,simplekt,t100,42
0.5986901535682023,0.7016248153618907,0.8522062254807301,0.480899037961917,0.19359495352501083,0.23126388471269732,0.05550782447729074,0.007108292863336249,677,105,xes3g5m,simplekt,t100,42
0.48812484904431164,0.855689063266307,0.5908230033579094,0.34701465280979815,0.1231324654118484,0.12041916926470475,0.036338095566470816,0.0001429663868145319,8156,106,xes3g5m,simplekt,t100,42
0.5951088655364277,0.7069327731092437,0.7803425984970674,0.4738542892991318,0.17252308160346397,0.2245378874871853,0.03852673045266804,0.008225073681612917,952,107,xes3g5m,simplekt,t100,42
0.6109205037523499,0.7416151585773635,0.7839195420738783,0.4479396191853017,0.17939562715832602,0.20064990243587308,0.058693202981912204,0.0025434018441056723,9869,108,xes3g5m,simplekt,t100,42
0.4675007765787671,0.6676822387722862,0.8274469633626379,0.4941941309393432,0.22793776836310148,0.24422783905489273,0.08433788188823509,0.0005300251614617986,8862,109,xes3g5m,simplekt,t100,42
0.6008858579423095,0.7298200514138817,0.7340021285175586,0.4500075347998834,0.18923972340667727,0.20250678137666828,0.06638524354893754,0.005782672128971355,3890,11,xes3g5m,simplekt,t100,42
0.6758758758758759,0.7028301886792453,1.1097573318254144,0.5127959302746186,0.2736393649937147,0.26295966610621146,0.16250904828912302,0.01063609332589678,212,110,xes3g5m,simplekt,t100,42
0.48077835785476986,0.7569444444444444,0.703046698728786,0.439965323467281,0.1847743465720365,0.19356948585366923,0.07574092461671728,0.00946751117324034,288,111,xes3g5m,simplekt,t100,42
0.6379017465419703,0.7570377884859244,0.8415124389831039,0.4496060865717021,0.1719062716442446,0.20214563308232086,0.03429723651330178,0.006684942141665263,3943,112,xes3g5m,simplekt,t100,42
0.67285206268477,0.7326355851569933,0.7735007471568512,0.45820090494013044,0.17485095782142251,0.20994806928795445,0.04108605906140947,0.008791560120320235,3153,114,xes3g5m,simplekt,t100,42
0.51997534180225,0.5409982174688057,1.0257215987770911,0.5724651247702162,0.3322537117484134,0.3277163190781792,0.1519172299357683,0.0044353683251457275,1122,115,xes3g5m,simplekt,t100,42
0.45212335075512944,0.6480446927374302,1.4852664659778603,0.5650265408114837,0.29713855115644766,0.31925499182139133,0.09687096325880086,0.0037183024394151754,895,116,xes3g5m,simplekt,t100,42
0.5223726204941271,0.7748639287481445,0.9329939447136355,0.43464111661835175,0.16256534811810908,0.18891290025524765,0.04141586890496441,0.0044291985304294006,2021,117,xes3g5m,simplekt,t100,42
0.6064606639875456,0.7065940713853599,1.3059986152154146,0.5094624768872692,0.2467476021400478,0.25955201535611133,0.06510689575306079,0.007292194237948999,1653,118,xes3g5m,simplekt,t100,42
0.6691640327225151,0.8191832348199892,0.6277063381326136,0.3903279647018177,0.12215925284946852,0.15235592002826345,0.0207636667089919,0.0063512294507702335,3722,121,xes3g5m,simplekt,t100,42
0.729622641509434,0.8498583569405099,0.6148682965504865,0.3743090041542401,0.12969329961636253,0.14010723059093894,0.01945727601279983,0.005391826511459001,353,129,xes3g5m,simplekt,t100,42
0.6515150753094864,0.7472817133443163,0.6342335714623788,0.4298677854525615,0.1667388733921348,0.18478631296988943,0.060963255850764474,0.005260337143289235,3035,131,xes3g5m,simplekt,t100,42
0.46588537293380994,0.8167701863354038,0.7136096928020232,0.37487306220810285,0.15931694662510787,0.14052981276928014,0.04429772930584735,0.0049622587045185015,644,137,xes3g5m,simplekt,t100,42
0.6663528907250368,0.834059022738268,0.7140029439412037,0.3870243042384381,0.13407026619354068,0.14978781207124708,0.025430247895792266,0.003957963327572547,6201,139,xes3g5m,simplekt,t100,42
0.6898215114825529,0.8373462444386286,0.5507801993491349,0.36503698458653855,0.1088870226784604,0.13325200011603278,0.02037541558298534,0.005519011283739065,7642,14,xes3g5m,simplekt,t100,42
0.5545098928510686,0.9016253207869974,0.3731523380953771,0.30580124941793435,0.11838217588829501,0.09351440414556969,0.06772903469522552,0.00017784953692424234,1169,143,xes3g5m,simplekt,t100,42
0.8290615458781938,0.874326750448833,0.5899417036424401,0.32745349604871904,0.10526195307822236,0.10722579207452845,0.04202817779379778,0.014136397390590751,557,159,xes3g5m,simplekt,t100,42
0.522250513316581,0.5775862068965517,1.1266367429248147,0.5671399232881732,0.28057506070996313,0.32164769258731496,0.11931008622920249,0.0028421149623787047,1624,0,xes3g5m,simplekt,t50,42
0.5861775689821616,0.42891566265060244,1.6684593352945734,0.6731556567138582,0.4673826511228237,0.4531385381658657,0.27711516162488276,0.0042535293301518,1660,1,xes3g5m,simplekt,t50,42
0.6325261838298704,0.6073696003983567,1.0673912955399167,0.5462347138936605,0.2743051079653901,0.2983723626624892,0.11490583042469507,0.008156551670509774,8033,10,xes3g5m,simplekt,t50,42
0.6407963609172483,0.7697368421052632,1.0675876180703894,0.44387671541060814,0.16813533245218235,0.19702653848371,0.0377314862142662,0.013910898908191971,608,100,xes3g5m,simplekt,t50,42
0.5967938811008685,0.559841740850643,0.9409595750451116,0.5544820704709857,0.2697992882890661,0.30745036647379115,0.11266832751151754,0.007149257855200644,2022,101,xes3g5m,simplekt,t50,42
0.8234951089388151,0.8236066530493142,0.44001128122460037,0.356474199321269,0.08485521607468924,0.12707385478173983,0.012243510987318112,0.031467605586095806,6854,102,xes3g5m,simplekt,t50,42
0.2047651309846432,0.31901840490797545,2.313185510842166,0.7472234000095184,0.5919476483507002,0.5583428095217847,0.42235603101152885,0.049706933969425875,489,103,xes3g5m,simplekt,t50,42
0.6226440571812462,0.7175512051601222,0.7710321326811238,0.4610745391697475,0.1952999451142546,0.21258973067059503,0.07293966817139073,0.0038897633833747144,8837,104,xes3g5m,simplekt,t50,42
0.5873389435648741,0.5583456425406204,1.030736593819382,0.5641243936555256,0.31228772783101677,0.31823633151721437,0.14229094405235454,0.007955572705268081,677,105,xes3g5m,simplekt,t50,42
0.4256689711075291,0.7593182932810201,0.6988165667196968,0.42929534878609177,0.2051635126681066,0.18429449648937218,0.10033341625424784,0.0004809715889848401,8156,106,xes3g5m,simplekt,t50,42
0.4604179572721951,0.3855042016806723,1.7424398347791918,0.6992582264773477,0.4866880086321483,0.48896206729624575,0.29764089908061886,0.003078424072123378,952,107,xes3g5m,simplekt,t50,42
0.570665311366031,0.7628939102239335,1.0041287532401693,0.4463928353787667,0.1826028189732106,0.1992665634774947,0.05572367938895892,0.0013277990891658253,9869,108,xes3g5m,simplekt,t50,42
0.574681602705492,0.7698036560595802,0.9725101346131098,0.4465673888570189,0.17950605926918461,0.19942243279057595,0.04166810697279999,0.0015982388433730369,8862,109,xes3g5m,simplekt,t50,42
0.688424466650273,0.8141388174807198,0.8314445478518864,0.3995628718267615,0.14380630045854798,0.15965048854244904,0.025346288527211,0.00676946365857575,3890,11,xes3g5m,simplekt,t50,42
0.44184184184184183,0.8443396226415094,0.5840211082412259,0.3773775086370827,0.14174917452740216,0.14241378402513144,0.03514415079763892,0.0038640693287425847,212,110,xes3g5m,simplekt,t50,42
0.5612719506407214,0.8194444444444444,0.8157014577178892,0.3977562647569976,0.15755489597763186,0.15821004615343875,0.04433501770264314,0.012879819725862789,288,111,xes3g5m,simplekt,t50,42
0.5560152298812563,0.7656606644686786,0.952883568008072,0.46239109356833796,0.19375920067136224,0.21380552341132347,0.040465039276467114,0.0013001169826595267,3943,112,xes3g5m,simplekt,t50,42
0.5764248631915677,0.7408816999682841,1.516362018313709,0.48586744711329044,0.22125582414335637,0.2360671761643861,0.057786415276502606,0.0008020865060366061,3153,114,xes3g5m,simplekt,t50,42
0.9282358380484798,0.8948306595365418,0.28066433390513446,0.27861396254042414,0.049728361379443205,0.07762574012247687,0.007961217394928841,0.11047812903670322,1122,115,xes3g5m,simplekt,t50,42
0.4599631590044054,0.5016759776536313,1.2690841911384223,0.6075660597173992,0.33168679602488804,0.3691365169205263,0.1480653779188083,0.005054549805924825,895,116,xes3g5m,simplekt,t50,42
0.5323507492912111,0.7610094012864919,1.150009647284427,0.45965639132147323,0.20908240947310783,0.21128399808267934,0.06101590585475996,0.001368261174668208,2021,117,xes3g5m,simplekt,t50,42
0.5251728757105101,0.5190562613430127,1.7247860525037535,0.6472265554576404,0.3935332616475934,0.4189022140895621,0.22099027873762445,0.004096428919977619,1653,118,xes3g5m,simplekt,t50,42
0.46646140037495626,0.7971520687802257,0.8428124602695629,0.41909623144164687,0.15862067128988375,0.17564165120859043,0.037382996616197824,0.001525693920918125,3722,121,xes3g5m,simplekt,t50,42
0.6913207547169811,0.8583569405099151,0.9358213928086658,0.3604503754240299,0.12768698278972848,0.12992447314332412,0.018903386681106804,0.015644228318872192,353,129,xes3g5m,simplekt,t50,42
0.5909673882428681,0.614827018121911,0.8900932290819931,0.5207462415164473,0.2992852537320464,0.2711766480535061,0.14452561647567358,0.002510578026495701,3035,131,xes3g5m,simplekt,t50,42
0.5604443058321138,0.8742236024844721,0.5460695106579839,0.33329872917379366,0.09701963248178185,0.11108804286886585,0.016205247361270242,0.006279905934035118,644,137,xes3g5m,simplekt,t50,42
0.6494572088940431,0.781486856958555,0.8349232930944083,0.4255331495261166,0.17640120760754932,0.1810784613456163,0.0580958939068378,0.00611612955676954,6201,139,xes3g5m,simplekt,t50,42
0.6903843196012761,0.8399633603768647,0.6410471876990673,0.3657924645896295,0.11609634886049314,0.13380412715055534,0.02270947508153666,0.007135440040251545,7642,14,xes3g5m,simplekt,t50,42
0.46064119281138394,0.9555175363558597,0.2872518456542627,0.22368990677670872,0.06742841097182878,0.050037174393772636,0.024159247446561803,0.00014421821392065153,1169,143,xes3g5m,simplekt,t50,42
0.8272939096898603,0.9048473967684022,0.3314651764876947,0.27427251051825513,0.0651638392606479,0.07522541002598639,0.013967927336160287,0.01817310017488876,557,159,xes3g5m,simplekt,t50,42
