dataset,model,fault_type,corruption_rate,n_warm,AUC,correlation,conditional_mean_gap,frac_missing_ids,frac_duplicate_ids,frac_unmatched_ids,identity_mismatch_rate,irt_warm_auc,detected,fired_signals,detection_rule
ASSISTments 2012,dkt,clean,0.0,529786,0.660636,0.265297,0.132322,0.0,0.0,0.0,0.0,0.591875,False,none,"warm_AUC < 0.55 OR warm_AUC + 0.05 < IRT_warm_AUC OR pearson(p,y) <= 0 OR (E[p|y=1]-E[p|y=0]) <= 0 OR identity_mismatch_rate > clean_identity_mismatch + 0.01"
ASSISTments 2012,dkt,F1_label_shift_plus1,1.0,518448,0.602423,0.172994,0.086223,0.0,0.0,0.0,0.336362,0.591875,True,identity_mismatch,"warm_AUC < 0.55 OR warm_AUC + 0.05 < IRT_warm_AUC OR pearson(p,y) <= 0 OR (E[p|y=1]-E[p|y=0]) <= 0 OR identity_mismatch_rate > clean_identity_mismatch + 0.01"
ASSISTments 2012,dkt,F2_label_shift_minus1,1.0,518492,0.67626,0.282321,0.141379,0.0,0.0,0.0,0.336362,0.591875,True,identity_mismatch,"warm_AUC < 0.55 OR warm_AUC + 0.05 < IRT_warm_AUC OR pearson(p,y) <= 0 OR (E[p|y=1]-E[p|y=0]) <= 0 OR identity_mismatch_rate > clean_identity_mismatch + 0.01"
ASSISTments 2012,dkt,F3_pred_shift,1.0,518448,0.676352,0.28256,0.141398,0.0,0.0,0.0,0.0,0.591875,False,none,"warm_AUC < 0.55 OR warm_AUC + 0.05 < IRT_warm_AUC OR pearson(p,y) <= 0 OR (E[p|y=1]-E[p|y=0]) <= 0 OR identity_mismatch_rate > clean_identity_mismatch + 0.01"
ASSISTments 2012,dkt,F4_within_learner_shuffle,1.0,529786,0.573999,0.122965,0.061321,0.0,0.0,0.0,0.0,0.591875,False,none,"warm_AUC < 0.55 OR warm_AUC + 0.05 < IRT_warm_AUC OR pearson(p,y) <= 0 OR (E[p|y=1]-E[p|y=0]) <= 0 OR identity_mismatch_rate > clean_identity_mismatch + 0.01"
ASSISTments 2012,dkt,F5_row_index_mismatch,1.0,529786,0.496706,-0.004782,-0.002385,0.0,0.0,0.0,0.0,0.591875,True,near_random_auc|collapse_vs_irt|nonpositive_corr|nonpositive_gap,"warm_AUC < 0.55 OR warm_AUC + 0.05 < IRT_warm_AUC OR pearson(p,y) <= 0 OR (E[p|y=1]-E[p|y=0]) <= 0 OR identity_mismatch_rate > clean_identity_mismatch + 0.01"
ASSISTments 2012,dkt,F6_partial_mismatch,0.01,529786,0.659114,0.262784,0.131098,0.0,0.0,0.0,0.0,0.591875,False,none,"warm_AUC < 0.55 OR warm_AUC + 0.05 < IRT_warm_AUC OR pearson(p,y) <= 0 OR (E[p|y=1]-E[p|y=0]) <= 0 OR identity_mismatch_rate > clean_identity_mismatch + 0.01"
ASSISTments 2012,dkt,F6_partial_mismatch,0.05,529786,0.652818,0.252411,0.125977,0.0,0.0,0.0,0.0,0.591875,False,none,"warm_AUC < 0.55 OR warm_AUC + 0.05 < IRT_warm_AUC OR pearson(p,y) <= 0 OR (E[p|y=1]-E[p|y=0]) <= 0 OR identity_mismatch_rate > clean_identity_mismatch + 0.01"
ASSISTments 2012,dkt,F6_partial_mismatch,0.1,529786,0.644212,0.238422,0.118866,0.0,0.0,0.0,0.0,0.591875,False,none,"warm_AUC < 0.55 OR warm_AUC + 0.05 < IRT_warm_AUC OR pearson(p,y) <= 0 OR (E[p|y=1]-E[p|y=0]) <= 0 OR identity_mismatch_rate > clean_identity_mismatch + 0.01"
ASSISTments 2012,dkt,F6_partial_mismatch,0.25,529786,0.621139,0.199566,0.099706,0.0,0.0,0.0,0.0,0.591875,False,none,"warm_AUC < 0.55 OR warm_AUC + 0.05 < IRT_warm_AUC OR pearson(p,y) <= 0 OR (E[p|y=1]-E[p|y=0]) <= 0 OR identity_mismatch_rate > clean_identity_mismatch + 0.01"
ASSISTments 2012,dkt,F6_partial_mismatch,0.5,529786,0.580569,0.132817,0.066251,0.0,0.0,0.0,0.0,0.591875,False,none,"warm_AUC < 0.55 OR warm_AUC + 0.05 < IRT_warm_AUC OR pearson(p,y) <= 0 OR (E[p|y=1]-E[p|y=0]) <= 0 OR identity_mismatch_rate > clean_identity_mismatch + 0.01"
ASSISTments 2012,simplekt,clean,0.0,529786,0.67343,0.28354,0.184282,0.0,0.0,0.0,0.0,0.591875,False,none,"warm_AUC < 0.55 OR warm_AUC + 0.05 < IRT_warm_AUC OR pearson(p,y) <= 0 OR (E[p|y=1]-E[p|y=0]) <= 0 OR identity_mismatch_rate > clean_identity_mismatch + 0.01"
ASSISTments 2012,simplekt,F1_label_shift_plus1,1.0,518448,0.624111,0.204969,0.133299,0.0,0.0,0.0,0.336362,0.591875,True,identity_mismatch,"warm_AUC < 0.55 OR warm_AUC + 0.05 < IRT_warm_AUC OR pearson(p,y) <= 0 OR (E[p|y=1]-E[p|y=0]) <= 0 OR identity_mismatch_rate > clean_identity_mismatch + 0.01"
ASSISTments 2012,simplekt,F2_label_shift_minus1,1.0,518492,0.810145,0.522636,0.342461,0.0,0.0,0.0,0.336362,0.591875,True,identity_mismatch,"warm_AUC < 0.55 OR warm_AUC + 0.05 < IRT_warm_AUC OR pearson(p,y) <= 0 OR (E[p|y=1]-E[p|y=0]) <= 0 OR identity_mismatch_rate > clean_identity_mismatch + 0.01"
ASSISTments 2012,simplekt,F3_pred_shift,1.0,518448,0.810111,0.522475,0.342358,0.0,0.0,0.0,0.0,0.591875,False,none,"warm_AUC < 0.55 OR warm_AUC + 0.05 < IRT_warm_AUC OR pearson(p,y) <= 0 OR (E[p|y=1]-E[p|y=0]) <= 0 OR identity_mismatch_rate > clean_identity_mismatch + 0.01"
ASSISTments 2012,simplekt,F4_within_learner_shuffle,1.0,529786,0.597469,0.158666,0.103138,0.0,0.0,0.0,0.0,0.591875,False,none,"warm_AUC < 0.55 OR warm_AUC + 0.05 < IRT_warm_AUC OR pearson(p,y) <= 0 OR (E[p|y=1]-E[p|y=0]) <= 0 OR identity_mismatch_rate > clean_identity_mismatch + 0.01"
ASSISTments 2012,simplekt,F5_row_index_mismatch,1.0,529786,0.497392,-0.00451,-0.002931,0.0,0.0,0.0,0.0,0.591875,True,near_random_auc|collapse_vs_irt|nonpositive_corr|nonpositive_gap,"warm_AUC < 0.55 OR warm_AUC + 0.05 < IRT_warm_AUC OR pearson(p,y) <= 0 OR (E[p|y=1]-E[p|y=0]) <= 0 OR identity_mismatch_rate > clean_identity_mismatch + 0.01"
ASSISTments 2012,simplekt,F6_partial_mismatch,0.01,529786,0.671828,0.280933,0.182593,0.0,0.0,0.0,0.0,0.591875,False,none,"warm_AUC < 0.55 OR warm_AUC + 0.05 < IRT_warm_AUC OR pearson(p,y) <= 0 OR (E[p|y=1]-E[p|y=0]) <= 0 OR identity_mismatch_rate > clean_identity_mismatch + 0.01"
ASSISTments 2012,simplekt,F6_partial_mismatch,0.05,529786,0.665236,0.270278,0.175645,0.0,0.0,0.0,0.0,0.591875,False,none,"warm_AUC < 0.55 OR warm_AUC + 0.05 < IRT_warm_AUC OR pearson(p,y) <= 0 OR (E[p|y=1]-E[p|y=0]) <= 0 OR identity_mismatch_rate > clean_identity_mismatch + 0.01"
ASSISTments 2012,simplekt,F6_partial_mismatch,0.1,529786,0.65531,0.253952,0.165036,0.0,0.0,0.0,0.0,0.591875,False,none,"warm_AUC < 0.55 OR warm_AUC + 0.05 < IRT_warm_AUC OR pearson(p,y) <= 0 OR (E[p|y=1]-E[p|y=0]) <= 0 OR identity_mismatch_rate > clean_identity_mismatch + 0.01"
ASSISTments 2012,simplekt,F6_partial_mismatch,0.25,529786,0.630389,0.212933,0.138518,0.0,0.0,0.0,0.0,0.591875,False,none,"warm_AUC < 0.55 OR warm_AUC + 0.05 < IRT_warm_AUC OR pearson(p,y) <= 0 OR (E[p|y=1]-E[p|y=0]) <= 0 OR identity_mismatch_rate > clean_identity_mismatch + 0.01"
ASSISTments 2012,simplekt,F6_partial_mismatch,0.5,529786,0.586306,0.141057,0.091645,0.0,0.0,0.0,0.0,0.591875,False,none,"warm_AUC < 0.55 OR warm_AUC + 0.05 < IRT_warm_AUC OR pearson(p,y) <= 0 OR (E[p|y=1]-E[p|y=0]) <= 0 OR identity_mismatch_rate > clean_identity_mismatch + 0.01"
Junyi Academy,dkt,clean,0.0,3240570,0.694875,0.315019,0.163347,0.0,0.02984,0.0,0.009203,0.652623,False,none,"warm_AUC < 0.55 OR warm_AUC + 0.05 < IRT_warm_AUC OR pearson(p,y) <= 0 OR (E[p|y=1]-E[p|y=0]) <= 0 OR identity_mismatch_rate > clean_identity_mismatch + 0.01"
Junyi Academy,dkt,F1_label_shift_plus1,1.0,3212236,0.664792,0.271229,0.140651,0.0,0.03003,0.0,0.335376,0.652623,True,identity_mismatch,"warm_AUC < 0.55 OR warm_AUC + 0.05 < IRT_warm_AUC OR pearson(p,y) <= 0 OR (E[p|y=1]-E[p|y=0]) <= 0 OR identity_mismatch_rate > clean_identity_mismatch + 0.01"
Junyi Academy,dkt,F2_label_shift_minus1,1.0,3212254,0.667617,0.275967,0.143244,0.0,0.030045,0.0,0.327699,0.652623,True,identity_mismatch,"warm_AUC < 0.55 OR warm_AUC + 0.05 < IRT_warm_AUC OR pearson(p,y) <= 0 OR (E[p|y=1]-E[p|y=0]) <= 0 OR identity_mismatch_rate > clean_identity_mismatch + 0.01"
Junyi Academy,dkt,F3_pred_shift,1.0,3212236,0.667597,0.275941,0.143225,0.0,0.03003,0.0,0.009262,0.652623,False,none,"warm_AUC < 0.55 OR warm_AUC + 0.05 < IRT_warm_AUC OR pearson(p,y) <= 0 OR (E[p|y=1]-E[p|y=0]) <= 0 OR identity_mismatch_rate > clean_identity_mismatch + 0.01"
Junyi Academy,dkt,F4_within_learner_shuffle,1.0,3240570,0.61,0.183248,0.095016,0.0,0.02984,0.0,0.009203,0.652623,False,none,"warm_AUC < 0.55 OR warm_AUC + 0.05 < IRT_warm_AUC OR pearson(p,y) <= 0 OR (E[p|y=1]-E[p|y=0]) <= 0 OR identity_mismatch_rate > clean_identity_mismatch + 0.01"
Junyi Academy,dkt,F5_row_index_mismatch,1.0,3240570,0.50224,0.003588,0.001861,0.0,0.02984,0.0,0.009203,0.652623,True,near_random_auc|collapse_vs_irt,"warm_AUC < 0.55 OR warm_AUC + 0.05 < IRT_warm_AUC OR pearson(p,y) <= 0 OR (E[p|y=1]-E[p|y=0]) <= 0 OR identity_mismatch_rate > clean_identity_mismatch + 0.01"
Junyi Academy,dkt,F6_partial_mismatch,0.01,3240570,0.692897,0.311854,0.161715,0.0,0.02984,0.0,0.009203,0.652623,False,none,"warm_AUC < 0.55 OR warm_AUC + 0.05 < IRT_warm_AUC OR pearson(p,y) <= 0 OR (E[p|y=1]-E[p|y=0]) <= 0 OR identity_mismatch_rate > clean_identity_mismatch + 0.01"
Junyi Academy,dkt,F6_partial_mismatch,0.05,3240570,0.685005,0.298949,0.155045,0.0,0.02984,0.0,0.009203,0.652623,False,none,"warm_AUC < 0.55 OR warm_AUC + 0.05 < IRT_warm_AUC OR pearson(p,y) <= 0 OR (E[p|y=1]-E[p|y=0]) <= 0 OR identity_mismatch_rate > clean_identity_mismatch + 0.01"
Junyi Academy,dkt,F6_partial_mismatch,0.1,3240570,0.675462,0.283602,0.147068,0.0,0.02984,0.0,0.009203,0.652623,False,none,"warm_AUC < 0.55 OR warm_AUC + 0.05 < IRT_warm_AUC OR pearson(p,y) <= 0 OR (E[p|y=1]-E[p|y=0]) <= 0 OR identity_mismatch_rate > clean_identity_mismatch + 0.01"
Junyi Academy,dkt,F6_partial_mismatch,0.25,3240570,0.646286,0.236493,0.122655,0.0,0.02984,0.0,0.009203,0.652623,False,none,"warm_AUC < 0.55 OR warm_AUC + 0.05 < IRT_warm_AUC OR pearson(p,y) <= 0 OR (E[p|y=1]-E[p|y=0]) <= 0 OR identity_mismatch_rate > clean_identity_mismatch + 0.01"
Junyi Academy,dkt,F6_partial_mismatch,0.5,3240570,0.59688,0.156433,0.081141,0.0,0.02984,0.0,0.009203,0.652623,True,collapse_vs_irt,"warm_AUC < 0.55 OR warm_AUC + 0.05 < IRT_warm_AUC OR pearson(p,y) <= 0 OR (E[p|y=1]-E[p|y=0]) <= 0 OR identity_mismatch_rate > clean_identity_mismatch + 0.01"
Junyi Academy,simplekt,clean,0.0,3240570,0.716694,0.355189,0.206541,0.0,0.02984,0.0,0.009203,0.652623,False,none,"warm_AUC < 0.55 OR warm_AUC + 0.05 < IRT_warm_AUC OR pearson(p,y) <= 0 OR (E[p|y=1]-E[p|y=0]) <= 0 OR identity_mismatch_rate > clean_identity_mismatch + 0.01"
Junyi Academy,simplekt,F1_label_shift_plus1,1.0,3212236,0.7121,0.348243,0.202421,0.0,0.03003,0.0,0.335376,0.652623,True,identity_mismatch,"warm_AUC < 0.55 OR warm_AUC + 0.05 < IRT_warm_AUC OR pearson(p,y) <= 0 OR (E[p|y=1]-E[p|y=0]) <= 0 OR identity_mismatch_rate > clean_identity_mismatch + 0.01"
Junyi Academy,simplekt,F2_label_shift_minus1,1.0,3212254,0.719294,0.360688,0.209451,0.0,0.030045,0.0,0.327699,0.652623,True,identity_mismatch,"warm_AUC < 0.55 OR warm_AUC + 0.05 < IRT_warm_AUC OR pearson(p,y) <= 0 OR (E[p|y=1]-E[p|y=0]) <= 0 OR identity_mismatch_rate > clean_identity_mismatch + 0.01"
Junyi Academy,simplekt,F3_pred_shift,1.0,3212236,0.719279,0.360658,0.20943,0.0,0.03003,0.0,0.009262,0.652623,False,none,"warm_AUC < 0.55 OR warm_AUC + 0.05 < IRT_warm_AUC OR pearson(p,y) <= 0 OR (E[p|y=1]-E[p|y=0]) <= 0 OR identity_mismatch_rate > clean_identity_mismatch + 0.01"
Junyi Academy,simplekt,F4_within_learner_shuffle,1.0,3240570,0.633411,0.218703,0.127161,0.0,0.02984,0.0,0.009203,0.652623,False,none,"warm_AUC < 0.55 OR warm_AUC + 0.05 < IRT_warm_AUC OR pearson(p,y) <= 0 OR (E[p|y=1]-E[p|y=0]) <= 0 OR identity_mismatch_rate > clean_identity_mismatch + 0.01"
Junyi Academy,simplekt,F5_row_index_mismatch,1.0,3240570,0.501437,0.001757,0.001022,0.0,0.02984,0.0,0.009203,0.652623,True,near_random_auc|collapse_vs_irt,"warm_AUC < 0.55 OR warm_AUC + 0.05 < IRT_warm_AUC OR pearson(p,y) <= 0 OR (E[p|y=1]-E[p|y=0]) <= 0 OR identity_mismatch_rate > clean_identity_mismatch + 0.01"
Junyi Academy,simplekt,F6_partial_mismatch,0.01,3240570,0.71452,0.351623,0.204485,0.0,0.02984,0.0,0.009203,0.652623,False,none,"warm_AUC < 0.55 OR warm_AUC + 0.05 < IRT_warm_AUC OR pearson(p,y) <= 0 OR (E[p|y=1]-E[p|y=0]) <= 0 OR identity_mismatch_rate > clean_identity_mismatch + 0.01"
Junyi Academy,simplekt,F6_partial_mismatch,0.05,3240570,0.705836,0.337371,0.196172,0.0,0.02984,0.0,0.009203,0.652623,False,none,"warm_AUC < 0.55 OR warm_AUC + 0.05 < IRT_warm_AUC OR pearson(p,y) <= 0 OR (E[p|y=1]-E[p|y=0]) <= 0 OR identity_mismatch_rate > clean_identity_mismatch + 0.01"
Junyi Academy,simplekt,F6_partial_mismatch,0.1,3240570,0.694936,0.319495,0.185768,0.0,0.02984,0.0,0.009203,0.652623,False,none,"warm_AUC < 0.55 OR warm_AUC + 0.05 < IRT_warm_AUC OR pearson(p,y) <= 0 OR (E[p|y=1]-E[p|y=0]) <= 0 OR identity_mismatch_rate > clean_identity_mismatch + 0.01"
Junyi Academy,simplekt,F6_partial_mismatch,0.25,3240570,0.662428,0.266321,0.154869,0.0,0.02984,0.0,0.009203,0.652623,False,none,"warm_AUC < 0.55 OR warm_AUC + 0.05 < IRT_warm_AUC OR pearson(p,y) <= 0 OR (E[p|y=1]-E[p|y=0]) <= 0 OR identity_mismatch_rate > clean_identity_mismatch + 0.01"
Junyi Academy,simplekt,F6_partial_mismatch,0.5,3240570,0.607948,0.176955,0.102921,0.0,0.02984,0.0,0.009203,0.652623,False,none,"warm_AUC < 0.55 OR warm_AUC + 0.05 < IRT_warm_AUC OR pearson(p,y) <= 0 OR (E[p|y=1]-E[p|y=0]) <= 0 OR identity_mismatch_rate > clean_identity_mismatch + 0.01"
XES3G5M,dkt,clean,0.0,1331318,0.662609,0.236887,0.168795,0.0,3e-06,0.0,0.0,0.656095,False,none,"warm_AUC < 0.55 OR warm_AUC + 0.05 < IRT_warm_AUC OR pearson(p,y) <= 0 OR (E[p|y=1]-E[p|y=0]) <= 0 OR identity_mismatch_rate > clean_identity_mismatch + 0.01"
XES3G5M,dkt,F1_label_shift_plus1,1.0,1317291,0.640589,0.205089,0.146534,0.0,3e-06,0.0,0.190642,0.656095,True,identity_mismatch,"warm_AUC < 0.55 OR warm_AUC + 0.05 < IRT_warm_AUC OR pearson(p,y) <= 0 OR (E[p|y=1]-E[p|y=0]) <= 0 OR identity_mismatch_rate > clean_identity_mismatch + 0.01"
XES3G5M,dkt,F2_label_shift_minus1,1.0,1318590,0.672729,0.248983,0.177617,0.0,3e-06,0.0,0.190642,0.656095,True,identity_mismatch,"warm_AUC < 0.55 OR warm_AUC + 0.05 < IRT_warm_AUC OR pearson(p,y) <= 0 OR (E[p|y=1]-E[p|y=0]) <= 0 OR identity_mismatch_rate > clean_identity_mismatch + 0.01"
XES3G5M,dkt,F3_pred_shift,1.0,1317291,0.669404,0.242923,0.170539,0.0,3e-06,0.0,0.0,0.656095,False,none,"warm_AUC < 0.55 OR warm_AUC + 0.05 < IRT_warm_AUC OR pearson(p,y) <= 0 OR (E[p|y=1]-E[p|y=0]) <= 0 OR identity_mismatch_rate > clean_identity_mismatch + 0.01"
XES3G5M,dkt,F4_within_learner_shuffle,1.0,1331318,0.578229,0.108322,0.074934,0.0,3e-06,0.0,0.0,0.656095,True,collapse_vs_irt,"warm_AUC < 0.55 OR warm_AUC + 0.05 < IRT_warm_AUC OR pearson(p,y) <= 0 OR (E[p|y=1]-E[p|y=0]) <= 0 OR identity_mismatch_rate > clean_identity_mismatch + 0.01"
XES3G5M,dkt,F5_row_index_mismatch,1.0,1331318,0.5082,0.008285,0.005742,0.0,3e-06,0.0,0.0,0.656095,True,near_random_auc|collapse_vs_irt,"warm_AUC < 0.55 OR warm_AUC + 0.05 < IRT_warm_AUC OR pearson(p,y) <= 0 OR (E[p|y=1]-E[p|y=0]) <= 0 OR identity_mismatch_rate > clean_identity_mismatch + 0.01"
XES3G5M,dkt,F6_partial_mismatch,0.01,1331318,0.661121,0.234609,0.167143,0.0,3e-06,0.0,0.0,0.656095,False,none,"warm_AUC < 0.55 OR warm_AUC + 0.05 < IRT_warm_AUC OR pearson(p,y) <= 0 OR (E[p|y=1]-E[p|y=0]) <= 0 OR identity_mismatch_rate > clean_identity_mismatch + 0.01"
XES3G5M,dkt,F6_partial_mismatch,0.05,1331318,0.654711,0.225315,0.160423,0.0,3e-06,0.0,0.0,0.656095,False,none,"warm_AUC < 0.55 OR warm_AUC + 0.05 < IRT_warm_AUC OR pearson(p,y) <= 0 OR (E[p|y=1]-E[p|y=0]) <= 0 OR identity_mismatch_rate > clean_identity_mismatch + 0.01"
XES3G5M,dkt,F6_partial_mismatch,0.1,1331318,0.647232,0.214081,0.152247,0.0,3e-06,0.0,0.0,0.656095,False,none,"warm_AUC < 0.55 OR warm_AUC + 0.05 < IRT_warm_AUC OR pearson(p,y) <= 0 OR (E[p|y=1]-E[p|y=0]) <= 0 OR identity_mismatch_rate > clean_identity_mismatch + 0.01"
XES3G5M,dkt,F6_partial_mismatch,0.25,1331318,0.62282,0.178088,0.126236,0.0,3e-06,0.0,0.0,0.656095,False,none,"warm_AUC < 0.55 OR warm_AUC + 0.05 < IRT_warm_AUC OR pearson(p,y) <= 0 OR (E[p|y=1]-E[p|y=0]) <= 0 OR identity_mismatch_rate > clean_identity_mismatch + 0.01"
XES3G5M,dkt,F6_partial_mismatch,0.5,1331318,0.58235,0.119574,0.084258,0.0,3e-06,0.0,0.0,0.656095,True,collapse_vs_irt,"warm_AUC < 0.55 OR warm_AUC + 0.05 < IRT_warm_AUC OR pearson(p,y) <= 0 OR (E[p|y=1]-E[p|y=0]) <= 0 OR identity_mismatch_rate > clean_identity_mismatch + 0.01"
XES3G5M,simplekt,clean,0.0,1331318,0.661468,0.221392,0.18439,0.0,3e-06,0.0,0.0,0.656095,False,none,"warm_AUC < 0.55 OR warm_AUC + 0.05 < IRT_warm_AUC OR pearson(p,y) <= 0 OR (E[p|y=1]-E[p|y=0]) <= 0 OR identity_mismatch_rate > clean_identity_mismatch + 0.01"
XES3G5M,simplekt,F1_label_shift_plus1,1.0,1317291,0.648696,0.198039,0.165363,0.0,3e-06,0.0,0.190642,0.656095,True,identity_mismatch,"warm_AUC < 0.55 OR warm_AUC + 0.05 < IRT_warm_AUC OR pearson(p,y) <= 0 OR (E[p|y=1]-E[p|y=0]) <= 0 OR identity_mismatch_rate > clean_identity_mismatch + 0.01"
XES3G5M,simplekt,F2_label_shift_minus1,1.0,1318590,0.699296,0.280365,0.233965,0.0,3e-06,0.0,0.190642,0.656095,True,identity_mismatch,"warm_AUC < 0.55 OR warm_AUC + 0.05 < IRT_warm_AUC OR pearson(p,y) <= 0 OR (E[p|y=1]-E[p|y=0]) <= 0 OR identity_mismatch_rate > clean_identity_mismatch + 0.01"
XES3G5M,simplekt,F3_pred_shift,1.0,1317291,0.694453,0.270716,0.223324,0.0,3e-06,0.0,0.0,0.656095,False,none,"warm_AUC < 0.55 OR warm_AUC + 0.05 < IRT_warm_AUC OR pearson(p,y) <= 0 OR (E[p|y=1]-E[p|y=0]) <= 0 OR identity_mismatch_rate > clean_identity_mismatch + 0.01"
XES3G5M,simplekt,F4_within_learner_shuffle,1.0,1331318,0.601423,0.129379,0.106114,0.0,3e-06,0.0,0.0,0.656095,True,collapse_vs_irt,"warm_AUC < 0.55 OR warm_AUC + 0.05 < IRT_warm_AUC OR pearson(p,y) <= 0 OR (E[p|y=1]-E[p|y=0]) <= 0 OR identity_mismatch_rate > clean_identity_mismatch + 0.01"
XES3G5M,simplekt,F5_row_index_mismatch,1.0,1331318,0.503381,0.003597,0.002964,0.0,3e-06,0.0,0.0,0.656095,True,near_random_auc|collapse_vs_irt,"warm_AUC < 0.55 OR warm_AUC + 0.05 < IRT_warm_AUC OR pearson(p,y) <= 0 OR (E[p|y=1]-E[p|y=0]) <= 0 OR identity_mismatch_rate > clean_identity_mismatch + 0.01"
XES3G5M,simplekt,F6_partial_mismatch,0.01,1331318,0.659931,0.219195,0.182562,0.0,3e-06,0.0,0.0,0.656095,False,none,"warm_AUC < 0.55 OR warm_AUC + 0.05 < IRT_warm_AUC OR pearson(p,y) <= 0 OR (E[p|y=1]-E[p|y=0]) <= 0 OR identity_mismatch_rate > clean_identity_mismatch + 0.01"
XES3G5M,simplekt,F6_partial_mismatch,0.05,1331318,0.653591,0.210285,0.175102,0.0,3e-06,0.0,0.0,0.656095,False,none,"warm_AUC < 0.55 OR warm_AUC + 0.05 < IRT_warm_AUC OR pearson(p,y) <= 0 OR (E[p|y=1]-E[p|y=0]) <= 0 OR identity_mismatch_rate > clean_identity_mismatch + 0.01"
XES3G5M,simplekt,F6_partial_mismatch,0.1,1331318,0.646133,0.200006,0.166392,0.0,3e-06,0.0,0.0,0.656095,False,none,"warm_AUC < 0.55 OR warm_AUC + 0.05 < IRT_warm_AUC OR pearson(p,y) <= 0 OR (E[p|y=1]-E[p|y=0]) <= 0 OR identity_mismatch_rate > clean_identity_mismatch + 0.01"
XES3G5M,simplekt,F6_partial_mismatch,0.25,1331318,0.621745,0.166015,0.137951,0.0,3e-06,0.0,0.0,0.656095,False,none,"warm_AUC < 0.55 OR warm_AUC + 0.05 < IRT_warm_AUC OR pearson(p,y) <= 0 OR (E[p|y=1]-E[p|y=0]) <= 0 OR identity_mismatch_rate > clean_identity_mismatch + 0.01"
XES3G5M,simplekt,F6_partial_mismatch,0.5,1331318,0.581595,0.111155,0.092073,0.0,3e-06,0.0,0.0,0.656095,True,collapse_vs_irt,"warm_AUC < 0.55 OR warm_AUC + 0.05 < IRT_warm_AUC OR pearson(p,y) <= 0 OR (E[p|y=1]-E[p|y=0]) <= 0 OR identity_mismatch_rate > clean_identity_mismatch + 0.01"
