dataset,model,x,y,rho,CI_lo,CI_hi,p,n,sig
assist2012,irt_1pl,log_train_freq,ECE,-0.5649987029147192,-0.6229902054447184,-0.5033170514888828,6.276505373761882e-44,505,***
assist2012,irt_1pl,log_train_freq,REL,-0.5629088988609988,-0.6208799385686166,-0.5010018911186906,1.502563866046548e-43,505,***
assist2012,irt_1pl,difficulty_proxy,ECE,0.346576159956212,0.25340878856184595,0.44307801636291055,6.166720049532467e-15,478,***
assist2012,irt_1pl,median_sequence_position_train,ECE,0.08240447838058386,-0.011291139851654775,0.18290757167711602,0.0718650993812779,478,
assist2012,irt_1pl,n_train_items,ECE,-0.5606983625762336,-0.6232200795939506,-0.49514378012691496,6.30503348570115e-41,478,***
assist2012,irt_1pl,n_train_learners,ECE,-0.5409637419503964,-0.6018692466630036,-0.4738613157312825,1.1009077391500928e-37,478,***
assist2012,dkt,log_train_freq,ECE,-0.7179295983429349,-0.776121329075002,-0.645193708169383,3.654413327703582e-81,505,***
assist2012,dkt,log_train_freq,REL,-0.7379691207685205,-0.7948339299630444,-0.6681325565029108,5.866919419129647e-88,505,***
assist2012,dkt,difficulty_proxy,ECE,0.41121199946744713,0.3327803597875738,0.49300419970424436,6.27588866076523e-21,478,***
assist2012,dkt,median_sequence_position_train,ECE,0.09359305905074058,-0.0017666548532629409,0.18449877615510257,0.04081752838642025,478,*
assist2012,dkt,n_train_items,ECE,-0.6934955027954733,-0.7537198920581809,-0.6319811016786512,8.779375101998398e-70,478,***
assist2012,dkt,n_train_learners,ECE,-0.7124270632891269,-0.7786284313711428,-0.6424237900256639,3.0973739758453223e-75,478,***
assist2012,simplekt,log_train_freq,ECE,-0.52288032474922,-0.5996473498787116,-0.4449551570572553,8.820571566611037e-37,505,***
assist2012,simplekt,log_train_freq,REL,-0.5715413399009135,-0.6441011100063546,-0.49784103888218967,3.918983222967605e-45,505,***
assist2012,simplekt,difficulty_proxy,ECE,0.3958248700376078,0.30897083857745256,0.4749070842453316,2.224148347369994e-19,478,***
assist2012,simplekt,median_sequence_position_train,ECE,-0.0017833904663572902,-0.10061479530898043,0.09815656652883809,0.9689792157136063,478,
assist2012,simplekt,n_train_items,ECE,-0.5066930113246985,-0.5839528114382211,-0.4252577796874069,1.539493109909731e-32,478,***
assist2012,simplekt,n_train_learners,ECE,-0.4489819396101656,-0.5350296407511573,-0.3594634659669169,4.3411844974690335e-25,478,***
junyi,irt_1pl,log_train_freq,ECE,-0.12681037362646927,-0.1644382515840303,-0.08951650148315816,5.7494901924806626e-11,2649,***
junyi,irt_1pl,log_train_freq,REL,-0.15049143044809973,-0.18838667487638128,-0.11293629541443784,6.9008492729384574e-15,2649,***
junyi,irt_1pl,difficulty_proxy,ECE,0.3533112529579923,0.3148371776895657,0.3939380482606428,1.3105233451990213e-78,2645,***
junyi,irt_1pl,median_sequence_position_train,ECE,0.11756444239441023,0.07803951480772671,0.1548369122481125,1.3238903173283159e-09,2645,***
junyi,irt_1pl,n_train_items,ECE,0.08894100601585722,0.05078289011881886,0.12838606384937978,4.625013428235905e-06,2645,***
junyi,irt_1pl,n_train_learners,ECE,-0.19873576158511924,-0.23273126187405901,-0.1603681960257233,5.772854285282942e-25,2645,***
junyi,dkt,log_train_freq,ECE,-0.9010178880801682,-0.9096463492413092,-0.8917331580952669,0.0,2649,***
junyi,dkt,log_train_freq,REL,-0.9074366216357004,-0.915271727114901,-0.8992420549778265,0.0,2649,***
junyi,dkt,difficulty_proxy,ECE,0.47865484449695045,0.4460399064402082,0.5071733011745433,1.4804956432523253e-151,2645,***
junyi,dkt,median_sequence_position_train,ECE,0.3804677325956927,0.3437012639230929,0.41617826136891156,7.357915343346086e-92,2645,***
junyi,dkt,n_train_items,ECE,-0.032013040242043996,-0.07048883920328579,0.007484650684227205,0.09975134267937733,2645,
junyi,dkt,n_train_learners,ECE,-0.9005405864549115,-0.9090428626994101,-0.8918687850561735,0.0,2645,***
junyi,simplekt,log_train_freq,ECE,-0.2654853546236424,-0.3021982527489716,-0.2285673258385756,5.665741405541654e-44,2649,***
junyi,simplekt,log_train_freq,REL,-0.27678313686407413,-0.3143842706789563,-0.23976130895408407,8.597625377189085e-48,2649,***
junyi,simplekt,difficulty_proxy,ECE,0.18806570565163286,0.14725104854153187,0.2286512340867778,1.7607200402533369e-22,2645,***
junyi,simplekt,median_sequence_position_train,ECE,0.045248609606145,0.0076095240401555875,0.08298891681561288,0.01995418775185975,2645,*
junyi,simplekt,n_train_items,ECE,0.01827232227150646,-0.01998297537575295,0.05497640391872672,0.3475399016333689,2645,
junyi,simplekt,n_train_learners,ECE,-0.24757046181415845,-0.2831915342597171,-0.21001235244405653,3.1209220969847465e-38,2645,***
xes3g5m,irt_1pl,log_train_freq,ECE,-0.29803998589057185,-0.3450638513455006,-0.2513172461682225,7.533829862159057e-30,1387,***
xes3g5m,irt_1pl,log_train_freq,REL,-0.27135895967543583,-0.3181526064743828,-0.22342165317050178,7.7651023021310995e-25,1387,***
xes3g5m,irt_1pl,difficulty_proxy,ECE,-0.34493459273766525,-0.4066871821346837,-0.2801498889360195,1.0330169711377905e-36,1267,***
xes3g5m,irt_1pl,median_sequence_position_train,ECE,0.11109594020802521,0.052711654985663846,0.1670268857071933,7.406861595158479e-05,1267,***
xes3g5m,irt_1pl,n_train_items,ECE,-0.300205961027489,-0.35053328431131275,-0.2553612549788706,8.440301500202007e-28,1267,***
xes3g5m,irt_1pl,n_train_learners,ECE,-0.25410059995328066,-0.30608434669583373,-0.2044117902382162,4.0407522578661457e-20,1267,***
xes3g5m,dkt,log_train_freq,ECE,-0.2826899016208438,-0.33577637756591666,-0.2289585295063479,7.953778690491962e-27,1383,***
xes3g5m,dkt,log_train_freq,REL,-0.2950248887347874,-0.34904178539341435,-0.238806922196976,3.5539320815946883e-29,1383,***
xes3g5m,dkt,difficulty_proxy,ECE,0.2515183275431382,0.1965459415477112,0.30778933694197663,1.125557086373515e-19,1263,***
xes3g5m,dkt,median_sequence_position_train,ECE,-0.0174193321810074,-0.07221830843191301,0.036764393982624065,0.5362493730515105,1263,
xes3g5m,dkt,n_train_items,ECE,-0.05606481335012089,-0.11130692852736661,-0.0011725841730978886,0.046363894586091046,1263,*
xes3g5m,dkt,n_train_learners,ECE,-0.1317205229776172,-0.1870040129184742,-0.07540097837784074,2.63982501183076e-06,1263,***
xes3g5m,simplekt,log_train_freq,ECE,-0.11646837704315116,-0.1707936299512035,-0.06279024950040438,1.4107785752174791e-05,1383,***
xes3g5m,simplekt,log_train_freq,REL,-0.14104764689129562,-0.19662188025228933,-0.0884453980835988,1.3868026101029464e-07,1383,***
xes3g5m,simplekt,difficulty_proxy,ECE,0.4087397739005633,0.35281615833184227,0.4683069969549403,4.815093108975003e-52,1263,***
xes3g5m,simplekt,median_sequence_position_train,ECE,-0.1357225040397565,-0.19398609390523636,-0.08045810151009151,1.2915932872147783e-06,1263,***
xes3g5m,simplekt,n_train_items,ECE,0.08870381900714638,0.035573200838418986,0.14343162505714907,0.0016021231752889483,1263,**
xes3g5m,simplekt,n_train_learners,ECE,0.07145816817563584,0.013074567499717927,0.12884279712928634,0.011076864831125223,1263,*
