dataset,model,role,tau,bucket,flag,n_kcs,n_events,mean_y,mean_p,n_advance,n_remediate,FM,Miss,UR,acc_at_tau,E_FM_calibrated,excess_FM
assist2012,dkt,primary,0.5,all,R,260,534150,0.697790882710849,0.7023989986502698,439598,94552,0.24700521840408737,0.6726529347994424,0.11190556039975853,0.7186314705607039,0.21480544448857208,0.03219977391551529
assist2012,dkt,primary,0.5,dense,R,147,528018,0.6995878928369866,0.7042337834997361,436174,91844,0.2466446876705168,0.6782118608272445,0.11045357950161751,0.7189849588460999,0.21529533492660483,0.031349352743911985
assist2012,dkt,primary,0.5,medium,R,68,5677,0.5421877752333979,0.539437141980244,3136,2541,0.2911352040816326,0.35128895729126586,0.2777777777777778,0.6885679055839352,0.15653651397751303,0.1345986901041196
assist2012,dkt,primary,0.5,sparse,L,38,444,0.5563063063063063,0.6082433457689439,282,162,0.31560283687943264,0.4517766497461929,0.21862348178137653,0.6779279279279279,0.1079570860304731,0.20764575084895953
assist2012,dkt,primary,0.5,very_sparse,I,7,11,0.45454545454545453,0.5333211395191029,6,5,0.16666666666666666,0.16666666666666666,0.0,0.9090909090909091,0.0789939860502879,0.08767268061637876
assist2012,dkt,primary,0.5,strict_cold_start,I,0,0,,,0,0,,,,,,
assist2012,dkt,primary,0.6,all,R,260,534150,0.697790882710849,0.7023989986502698,385837,148313,0.2250484012678929,0.5379092457797738,0.19778657186934068,0.6994252550781616,0.18167757069862142,0.04337083056927149
assist2012,dkt,primary,0.6,dense,R,147,528018,0.6995878928369866,0.7042337834997361,382817,145201,0.22470266471969635,0.5422921013976536,0.19653216746301386,0.6995973622111368,0.18223267686876268,0.04246998785093367
assist2012,dkt,primary,0.6,medium,R,68,5677,0.5421877752333979,0.539437141980244,2754,2923,0.26506899055918665,0.2808772604848018,0.3424301494476933,0.6857495155892197,0.11468585570306992,0.1503831348561167
assist2012,dkt,primary,0.6,sparse,L,38,444,0.5563063063063063,0.6082433457689439,261,183,0.31417624521072796,0.41624365482233505,0.27530364372469635,0.6621621621621622,0.077743929236328,0.23643231597439995
assist2012,dkt,primary,0.6,very_sparse,I,7,11,0.45454545454545453,0.5333211395191029,5,6,0.0,0.0,0.0,1.0,0.005234527587890647,-0.005234527587890647
assist2012,dkt,primary,0.6,strict_cold_start,I,0,0,,,0,0,,,,,,
assist2012,dkt,primary,0.7,all,R,260,534150,0.697790882710849,0.7023989986502698,318357,215793,0.20035054985440873,0.3951246708997987,0.316992420685492,0.6593953009454273,0.14662404897536455,0.05372650087904418
assist2012,dkt,primary,0.7,dense,R,147,528018,0.6995878928369866,0.7042337834997361,315650,212368,0.1999239664185015,0.39783637933969224,0.31633075704868774,0.6591839672132389,0.14716124334256772,0.05276272307593377
assist2012,dkt,primary,0.7,medium,R,68,5677,0.5421877752333979,0.539437141980244,2459,3218,0.24603497356649046,0.23278183916891113,0.39766081871345027,0.6778227937290823,0.08677399022737234,0.15926098333911812
assist2012,dkt,primary,0.7,sparse,L,38,444,0.5563063063063063,0.6082433457689439,243,201,0.2962962962962963,0.36548223350253806,0.3076923076923077,0.6666666666666666,0.05737647720815713,0.23891981908813914
assist2012,dkt,primary,0.7,very_sparse,I,7,11,0.45454545454545453,0.5333211395191029,5,6,0.0,0.0,0.0,1.0,0.005234527587890647,-0.005234527587890647
assist2012,dkt,primary,0.7,strict_cold_start,I,0,0,,,0,0,,,,,,
assist2012,dkt,primary,0.8,all,R,260,534150,0.697790882710849,0.7023989986502698,224500,309650,0.16875723830734968,0.23469722781477467,0.4993252397880475,0.5806477581203782,0.10438972155925691,0.06436751674809277
assist2012,dkt,primary,0.8,dense,R,147,528018,0.6995878928369866,0.7042337834997361,222179,305839,0.16814820482583862,0.2355207000245866,0.49966837666996033,0.5796847834732907,0.1048848652045143,0.06326333962132431
assist2012,dkt,primary,0.8,medium,R,68,5677,0.5421877752333979,0.539437141980244,2095,3582,0.22291169451073986,0.17968449403616776,0.4710851202079272,0.6623216487581469,0.0590757182503657,0.16383597626037416
assist2012,dkt,primary,0.8,sparse,L,38,444,0.5563063063063063,0.6082433457689439,221,223,0.27149321266968324,0.30456852791878175,0.3481781376518219,0.6711711711711712,0.038408241660346815,0.23308497100933642
assist2012,dkt,primary,0.8,very_sparse,I,7,11,0.45454545454545453,0.5333211395191029,5,6,0.0,0.0,0.0,1.0,0.005234527587890647,-0.005234527587890647
assist2012,dkt,primary,0.8,strict_cold_start,I,0,0,,,0,0,,,,,,
assist2012,simplekt,primary,0.5,all,R,260,534150,0.697790882710849,0.6724151156613254,399358,134792,0.23432108534197388,0.5796995508750193,0.17960963176604736,0.6994795469437424,0.19247109974525958,0.041849985596714295
assist2012,simplekt,primary,0.5,dense,R,147,528018,0.6995878928369866,0.6737531741171788,395844,132174,0.23378401592546558,0.5834084590507052,0.17892229185560174,0.6995651663390263,0.19289741172673294,0.040886604198732635
assist2012,simplekt,primary,0.5,medium,R,68,5677,0.5421877752333979,0.5537588434041981,3231,2446,0.29526462395543174,0.367064255482878,0.260233918128655,0.6908578474546415,0.14774831398025604,0.1475163099751757
assist2012,simplekt,primary,0.5,sparse,L,38,444,0.5563063063063063,0.5974524709266361,275,169,0.2872727272727273,0.4010152284263959,0.20647773279352227,0.7072072072072072,0.10682576721364802,0.1804469600590793
assist2012,simplekt,primary,0.5,very_sparse,I,7,11,0.45454545454545453,0.7066080359436455,8,3,0.375,0.5,0.0,0.7272727272727273,0.10481450706720355,0.2701854929327965
assist2012,simplekt,primary,0.5,strict_cold_start,I,0,0,,,0,0,,,,,,
assist2012,simplekt,primary,0.6,all,R,260,534150,0.697790882710849,0.6724151156613254,346254,187896,0.21528415556210181,0.4617810128542667,0.2710148232611174,0.6713338949733221,0.1524612151065114,0.06282294045559042
assist2012,simplekt,primary,0.6,dense,R,147,528018,0.6995878928369866,0.6737531741171788,343122,184896,0.21474868997033125,0.4645291035978389,0.2705992230539125,0.6711418928900151,0.1528863032906609,0.06186238667967034
assist2012,simplekt,primary,0.6,medium,R,68,5677,0.5421877752333979,0.5537588434041981,2880,2797,0.27361111111111114,0.30319353597537513,0.3203378817413905,0.6875110093359169,0.10971529705242979,0.16389581405868137
assist2012,simplekt,primary,0.6,sparse,L,38,444,0.5563063063063063,0.5974524709266361,244,200,0.27459016393442626,0.3401015228426396,0.2834008097165992,0.6914414414414415,0.06079035337831154,0.21379981055611472
assist2012,simplekt,primary,0.6,very_sparse,I,7,11,0.45454545454545453,0.7066080359436455,8,3,0.375,0.5,0.0,0.7272727272727273,0.10481450706720355,0.2701854929327965
assist2012,simplekt,primary,0.6,strict_cold_start,I,0,0,,,0,0,,,,,,
assist2012,simplekt,primary,0.7,all,R,260,534150,0.697790882710849,0.6724151156613254,287164,246986,0.1969536571436531,0.35036704351866194,0.3812972030317258,0.6280501731723299,0.11218732593554902,0.08476633120810408
assist2012,simplekt,primary,0.7,dense,R,147,528018,0.6995878928369866,0.6737531741171788,284326,243692,0.19632745510435204,0.3519098743561779,0.38140743648398057,0.6274539883110045,0.11250454782672373,0.08382290727762831
assist2012,simplekt,primary,0.7,medium,R,68,5677,0.5421877752333979,0.5537588434041981,2595,3082,0.2585741811175337,0.2581762216237014,0.37491877842755034,0.6785273912277612,0.08309325868683744,0.1754809224306963
assist2012,simplekt,primary,0.7,sparse,L,38,444,0.5563063063063063,0.5974524709266361,235,209,0.2680851063829787,0.3197969543147208,0.30364372469635625,0.6891891891891891,0.049905009472623794,0.21818009691035492
assist2012,simplekt,primary,0.7,very_sparse,I,7,11,0.45454545454545453,0.7066080359436455,8,3,0.375,0.5,0.0,0.7272727272727273,0.10481450706720355,0.2701854929327965
assist2012,simplekt,primary,0.7,strict_cold_start,I,0,0,,,0,0,,,,,,
assist2012,simplekt,primary,0.8,all,R,260,534150,0.697790882710849,0.6724151156613254,217141,317009,0.17806402291598547,0.23952299829642248,0.5211590314575089,0.563953945520921,0.06804359788701758,0.11002042502896789
assist2012,simplekt,primary,0.8,dense,R,147,528018,0.6995878928369866,0.6737531741171788,214711,313307,0.17731741736566828,0.240015634554888,0.5218154008581599,0.5628406607350507,0.06822162073505375,0.10909579663061453
assist2012,simplekt,primary,0.8,medium,R,68,5677,0.5421877752333979,0.5537588434041981,2206,3471,0.24206708975521304,0.2054636398614852,0.4567901234567901,0.6582702131407433,0.05407210687345953,0.1879949828817535
assist2012,simplekt,primary,0.8,sparse,L,38,444,0.5563063063063063,0.5974524709266361,218,226,0.26146788990825687,0.2893401015228426,0.3481781376518219,0.6779279279279279,0.03436237354891017,0.2271055163593467
assist2012,simplekt,primary,0.8,very_sparse,I,7,11,0.45454545454545453,0.7066080359436455,6,5,0.3333333333333333,0.3333333333333333,0.2,0.7272727272727273,0.058068990707397496,0.2752643426259358
assist2012,simplekt,primary,0.8,strict_cold_start,I,0,0,,,0,0,,,,,,
assist2012,irt_1pl,other,0.5,all,R,260,534150,0.697790882710849,0.6961533161397051,534150,0,0.302209117289151,1.0,0.0,0.697790882710849,0.30384668386029484,-0.0016375665711438336
assist2012,irt_1pl,other,0.5,dense,R,147,528018,0.6995878928369866,0.6961533161397051,528018,0,0.30041210716301336,1.0,0.0,0.6995878928369866,0.3038466838602949,-0.003434576697281533
assist2012,irt_1pl,other,0.5,medium,R,68,5677,0.5421877752333979,0.6961533161397052,5677,0,0.4578122247666021,1.0,0.0,0.5421877752333979,0.3038466838602948,0.15396554090630732
assist2012,irt_1pl,other,0.5,sparse,L,38,444,0.5563063063063063,0.6961533161397052,444,0,0.4436936936936937,1.0,0.0,0.5563063063063063,0.30384668386029473,0.13984700983339898
assist2012,irt_1pl,other,0.5,very_sparse,I,7,11,0.45454545454545453,0.6961533161397052,11,0,0.5454545454545454,1.0,0.0,0.45454545454545453,0.30384668386029484,0.24160786159425057
assist2012,irt_1pl,other,0.5,strict_cold_start,I,0,0,,,0,0,,,,,,
assist2012,irt_1pl,other,0.6,all,R,260,534150,0.697790882710849,0.6961533161397051,534150,0,0.302209117289151,1.0,0.0,0.697790882710849,0.30384668386029484,-0.0016375665711438336
assist2012,irt_1pl,other,0.6,dense,R,147,528018,0.6995878928369866,0.6961533161397051,528018,0,0.30041210716301336,1.0,0.0,0.6995878928369866,0.3038466838602949,-0.003434576697281533
assist2012,irt_1pl,other,0.6,medium,R,68,5677,0.5421877752333979,0.6961533161397052,5677,0,0.4578122247666021,1.0,0.0,0.5421877752333979,0.3038466838602948,0.15396554090630732
assist2012,irt_1pl,other,0.6,sparse,L,38,444,0.5563063063063063,0.6961533161397052,444,0,0.4436936936936937,1.0,0.0,0.5563063063063063,0.30384668386029473,0.13984700983339898
assist2012,irt_1pl,other,0.6,very_sparse,I,7,11,0.45454545454545453,0.6961533161397052,11,0,0.5454545454545454,1.0,0.0,0.45454545454545453,0.30384668386029484,0.24160786159425057
assist2012,irt_1pl,other,0.6,strict_cold_start,I,0,0,,,0,0,,,,,,
assist2012,irt_1pl,other,0.7,all,R,260,534150,0.697790882710849,0.6961533161397051,0,534150,,0.0,1.0,0.302209117289151,,
assist2012,irt_1pl,other,0.7,dense,R,147,528018,0.6995878928369866,0.6961533161397051,0,528018,,0.0,1.0,0.30041210716301336,,
assist2012,irt_1pl,other,0.7,medium,R,68,5677,0.5421877752333979,0.6961533161397052,0,5677,,0.0,1.0,0.4578122247666021,,
assist2012,irt_1pl,other,0.7,sparse,L,38,444,0.5563063063063063,0.6961533161397052,0,444,,0.0,1.0,0.4436936936936937,,
assist2012,irt_1pl,other,0.7,very_sparse,I,7,11,0.45454545454545453,0.6961533161397052,0,11,,0.0,1.0,0.5454545454545454,,
assist2012,irt_1pl,other,0.7,strict_cold_start,I,0,0,,,0,0,,,,,,
assist2012,irt_1pl,other,0.8,all,R,260,534150,0.697790882710849,0.6961533161397051,0,534150,,0.0,1.0,0.302209117289151,,
assist2012,irt_1pl,other,0.8,dense,R,147,528018,0.6995878928369866,0.6961533161397051,0,528018,,0.0,1.0,0.30041210716301336,,
assist2012,irt_1pl,other,0.8,medium,R,68,5677,0.5421877752333979,0.6961533161397052,0,5677,,0.0,1.0,0.4578122247666021,,
assist2012,irt_1pl,other,0.8,sparse,L,38,444,0.5563063063063063,0.6961533161397052,0,444,,0.0,1.0,0.4436936936936937,,
assist2012,irt_1pl,other,0.8,very_sparse,I,7,11,0.45454545454545453,0.6961533161397052,0,11,,0.0,1.0,0.5454545454545454,,
assist2012,irt_1pl,other,0.8,strict_cold_start,I,0,0,,,0,0,,,,,,
assist2012,gkt_train_only,secondary,0.5,all,R,260,534150,0.697790882710849,0.7282759114996096,467237,66913,0.25560475732872184,0.7398358370760415,0.06684821248910054,0.7297687915379575,0.21873451146993905,0.03687024585878279
assist2012,gkt_train_only,secondary,0.5,dense,R,147,528018,0.6995878928369866,0.730242706491539,463577,64441,0.2554462365475423,0.7465436916462304,0.06561269102180593,0.7298273922479915,0.2185241651858736,0.036922071361668696
assist2012,gkt_train_only,secondary,0.5,medium,R,68,5677,0.5421877752333979,0.5552622927023042,3346,2331,0.27226539151225343,0.3505194305502116,0.20890188434048082,0.7262638717632552,0.2464765143194957,0.025788877192757742
assist2012,gkt_train_only,secondary,0.5,sparse,L,38,444,0.5563063063063063,0.6057191144272283,309,135,0.31715210355987056,0.49746192893401014,0.145748987854251,0.6981981981981982,0.23478904646191395,0.0823630570979566
assist2012,gkt_train_only,secondary,0.5,very_sparse,I,7,11,0.45454545454545453,0.5564917082136328,5,6,0.0,0.0,0.0,1.0,0.16395580768585205,-0.16395580768585205
assist2012,gkt_train_only,secondary,0.5,strict_cold_start,I,0,0,,,0,0,,,,,,
assist2012,gkt_train_only,secondary,0.6,all,R,260,534150,0.697790882710849,0.7282759114996096,418837,115313,0.23269672927654433,0.6037602601827474,0.13776913273861427,0.721404099971918,0.19168235433353628,0.04101437494300805
assist2012,gkt_train_only,secondary,0.6,dense,R,147,528018,0.6995878928369866,0.730242706491539,415834,112184,0.23265533842831515,0.6099115512882747,0.13618754991269508,0.7215000246203728,0.19162392652092036,0.04103141190739479
assist2012,gkt_train_only,secondary,0.6,medium,R,68,5677,0.5421877752333979,0.5552622927023042,2737,2940,0.23529411764705882,0.24778761061946902,0.32001299545159195,0.7130526686630263,0.20039204576392655,0.03490207188313227
assist2012,gkt_train_only,secondary,0.6,sparse,L,38,444,0.5563063063063063,0.6057191144272283,261,183,0.27586206896551724,0.36548223350253806,0.23481781376518218,0.7072072072072072,0.19396771187983253,0.08189435708568471
assist2012,gkt_train_only,secondary,0.6,very_sparse,I,7,11,0.45454545454545453,0.5564917082136328,5,6,0.0,0.0,0.0,1.0,0.16395580768585205,-0.16395580768585205
assist2012,gkt_train_only,secondary,0.6,strict_cold_start,I,0,0,,,0,0,,,,,,
assist2012,gkt_train_only,secondary,0.7,all,R,260,534150,0.697790882710849,0.7282759114996096,353792,180358,0.2052759813675832,0.4498993340560632,0.24564491246897846,0.6926275390807826,0.1633488808161486,0.041927100551434615
assist2012,gkt_train_only,secondary,0.7,dense,R,147,528018,0.6995878928369866,0.730242706491539,351503,176515,0.20534390887133253,0.4550348940569779,0.24383383640818093,0.6927188088284869,0.16341041543583626,0.041933493435496266
assist2012,gkt_train_only,secondary,0.7,medium,R,68,5677,0.5421877752333979,0.5552622927023042,2075,3602,0.1927710843373494,0.15390534821085033,0.4558154645873944,0.682402677470495,0.15354315634233406,0.039227927995015344
assist2012,gkt_train_only,secondary,0.7,sparse,L,38,444,0.5563063063063063,0.6057191144272283,209,235,0.22009569377990432,0.233502538071066,0.340080971659919,0.7072072072072072,0.15719692016902723,0.06289877361087709
assist2012,gkt_train_only,secondary,0.7,very_sparse,I,7,11,0.45454545454545453,0.5564917082136328,5,6,0.0,0.0,0.0,1.0,0.16395580768585205,-0.16395580768585205
assist2012,gkt_train_only,secondary,0.7,strict_cold_start,I,0,0,,,0,0,,,,,,
assist2012,gkt_train_only,secondary,0.8,all,R,260,534150,0.697790882710849,0.7282759114996096,241041,293109,0.16368169730460794,0.2444107170512622,0.4591535314239721,0.6057437049517925,0.12498284250870098,0.038698854795906956
assist2012,gkt_train_only,secondary,0.8,dense,R,147,528018,0.6995878928369866,0.730242706491539,239497,288521,0.16386426552315894,0.2474105268466742,0.4578919584726377,0.6053392119208058,0.1250899579155993,0.03877430760755965
assist2012,gkt_train_only,secondary,0.8,medium,R,68,5677,0.5421877752333979,0.5552622927023042,1393,4284,0.13137114142139267,0.07041169680646403,0.6068875893437297,0.6387176325524044,0.10699205170067967,0.024379089720712996
assist2012,gkt_train_only,secondary,0.8,sparse,L,38,444,0.5563063063063063,0.6057191144272283,148,296,0.17567567567567569,0.1319796954314721,0.5060728744939271,0.6599099099099099,0.12093650891974166,0.05473916675593403
assist2012,gkt_train_only,secondary,0.8,very_sparse,I,7,11,0.45454545454545453,0.5564917082136328,3,8,0.0,0.0,0.4,0.8181818181818182,0.12705296277999878,-0.12705296277999878
assist2012,gkt_train_only,secondary,0.8,strict_cold_start,I,0,0,,,0,0,,,,,,
assist2012,cl4kt,secondary,0.5,all,R,260,534150,0.697790882710849,0.7020075933719684,459844,74306,0.2518767234105479,0.7175096794176863,0.0770138842310014,0.7294224468782178,0.24571357855407044,0.006163144856477454
assist2012,cl4kt,secondary,0.5,dense,R,147,528018,0.6995878928369866,0.7039861395287434,456414,71604,0.2517670360681311,0.7244220573309041,0.07550454120927462,0.7295527803976379,0.24577120876304628,0.005995827305084828
assist2012,cl4kt,secondary,0.5,medium,R,68,5677,0.5421877752333979,0.5286114927821264,3151,2526,0.26499523960647414,0.32127741439015006,0.2475633528265107,0.7186894486524573,0.24181922453995622,0.023176015066517924
assist2012,cl4kt,secondary,0.5,sparse,L,38,444,0.5563063063063063,0.5670194645959733,271,173,0.28044280442804426,0.38578680203045684,0.21052631578947367,0.7117117117117117,0.19649587940026034,0.08394692502778392
assist2012,cl4kt,secondary,0.5,very_sparse,I,7,11,0.45454545454545453,0.6653173767368902,8,3,0.375,0.5,0.0,0.7272727272727273,0.15894754976034164,0.21605245023965836
assist2012,cl4kt,secondary,0.5,strict_cold_start,I,0,0,,,0,0,,,,,,
assist2012,cl4kt,secondary,0.6,all,R,260,534150,0.697790882710849,0.7020075933719684,395422,138728,0.22118142136755162,0.5417995973362243,0.173755449728352,0.715018253299635,0.2121806327782685,0.009000788589283104
assist2012,cl4kt,secondary,0.6,dense,R,147,528018,0.6995878928369866,0.7039861395287434,392654,135364,0.22115908662588438,0.5474552870642971,0.17211927611364528,0.7151252419425095,0.21236381977774543,0.008795266848138944
assist2012,cl4kt,secondary,0.6,medium,R,68,5677,0.5421877752333979,0.5286114927821264,2534,3143,0.22099447513812154,0.21546748749519046,0.3586744639376218,0.7068874405495861,0.19017141610501598,0.03082305903310556
assist2012,cl4kt,secondary,0.6,sparse,L,38,444,0.5563063063063063,0.5670194645959733,227,217,0.2599118942731278,0.29949238578680204,0.31983805668016196,0.6891891891891891,0.14398161193872863,0.11593028233439914
assist2012,cl4kt,secondary,0.6,very_sparse,I,7,11,0.45454545454545453,0.6653173767368902,7,4,0.2857142857142857,0.3333333333333333,0.0,0.8181818181818182,0.11552701677594866,0.17018726893833702
assist2012,cl4kt,secondary,0.6,strict_cold_start,I,0,0,,,0,0,,,,,,
assist2012,cl4kt,secondary,0.7,all,R,260,534150,0.697790882710849,0.7020075933719684,309601,224549,0.18518028042545082,0.3551618398637138,0.3231766047353947,0.66715716559019,0.17488470745400247,0.010295572971448341
assist2012,cl4kt,secondary,0.7,dense,R,147,528018,0.6995878928369866,0.7039861395287434,307479,220539,0.18518988288631094,0.3589769453357962,0.3217639654028885,0.6670568048816518,0.1751496382185244,0.010040244667786552
assist2012,cl4kt,secondary,0.7,medium,R,68,5677,0.5421877752333979,0.5286114927821264,1916,3761,0.1779749478079332,0.13120430934974991,0.48830409356725146,0.6751805531090365,0.13885461571694416,0.03912033209098903
assist2012,cl4kt,secondary,0.7,sparse,L,38,444,0.5563063063063063,0.5670194645959733,200,244,0.24,0.2436548223350254,0.38461538461538464,0.6779279279279279,0.11590934246778488,0.12409065753221511
assist2012,cl4kt,secondary,0.7,very_sparse,I,7,11,0.45454545454545453,0.6653173767368902,6,5,0.16666666666666666,0.16666666666666666,0.0,0.9090909090909091,0.06956507762273152,0.09710158904393514
assist2012,cl4kt,secondary,0.7,strict_cold_start,I,0,0,,,0,0,,,,,,
assist2012,cl4kt,secondary,0.8,all,R,260,534150,0.697790882710849,0.7020075933719684,190574,343576,0.1408114433238532,0.1662381911104228,0.5606975652290562,0.5585116540297669,0.12937638230153997,0.011435061022313231
assist2012,cl4kt,secondary,0.8,dense,R,147,528018,0.6995878928369866,0.7039861395287434,189058,338960,0.14078748320621184,0.1678003820379138,0.5602512215920626,0.5576457620762929,0.12967847576144284,0.011109007444769003
assist2012,cl4kt,secondary,0.8,medium,R,68,5677,0.5421877752333979,0.5286114927821264,1351,4326,0.13619541080680977,0.07079646017699115,0.6208576998050682,0.6309670600669368,0.09277974350376539,0.043415667303044386
assist2012,cl4kt,secondary,0.8,sparse,L,38,444,0.5563063063063063,0.5670194645959733,160,284,0.20625,0.16751269035532995,0.48582995951417,0.6554054054054054,0.08439829871058464,0.12185170128941535
assist2012,cl4kt,secondary,0.8,very_sparse,I,7,11,0.45454545454545453,0.6653173767368902,5,6,0.2,0.16666666666666666,0.2,0.8181818181818182,0.03444979190826416,0.16555020809173585
assist2012,cl4kt,secondary,0.8,strict_cold_start,I,0,0,,,0,0,,,,,,
assist2012,gkt_full_log,ablation,0.5,all,R,260,534150,0.697790882710849,0.7068694537038861,463498,70652,0.25054908543294685,0.7193991017500387,0.06802870749211885,0.7351212206309089,0.24047676127411322,0.010072324158833634
assist2012,gkt_full_log,ablation,0.5,dense,R,147,528018,0.6995878928369866,0.7088511496661954,459990,68028,0.2504380530011522,0.726243987315837,0.0666062074473125,0.7352306171380522,0.24035065476421522,0.010087398236936967
assist2012,gkt_full_log,ablation,0.5,medium,R,68,5677,0.5421877752333979,0.5323619873157784,3210,2467,0.2626168224299065,0.32435552135436707,0.2309941520467836,0.7262638717632552,0.2577221069194817,0.0048947155104248075
assist2012,gkt_full_log,ablation,0.5,sparse,L,38,444,0.5563063063063063,0.5848424114907781,292,152,0.2945205479452055,0.4365482233502538,0.1659919028340081,0.713963963963964,0.2500151024289327,0.04450544551627278
assist2012,gkt_full_log,ablation,0.5,very_sparse,I,7,11,0.45454545454545453,0.5693926174532283,6,5,0.16666666666666666,0.16666666666666666,0.0,0.9090909090909091,0.2179731527964274,-0.05130648612976074
assist2012,gkt_full_log,ablation,0.5,strict_cold_start,I,0,0,,,0,0,,,,,,
assist2012,gkt_full_log,ablation,0.6,all,R,260,534150,0.697790882710849,0.7068694537038861,403659,130491,0.2211024651995868,0.5528883382375717,0.15645851499094507,0.7237367780585978,0.20922163827207613,0.011880826927510663
assist2012,gkt_full_log,ablation,0.6,dense,R,147,528018,0.6995878928369866,0.7088511496661954,400867,127151,0.22107082897818978,0.5586831670060458,0.15470702093964456,0.7239336537769546,0.20924277578456865,0.011828053193621124
assist2012,gkt_full_log,ablation,0.6,medium,R,68,5677,0.5421877752333979,0.5323619873157784,2542,3135,0.22383949645948073,0.21893035782993459,0.3589993502274204,0.7051259468028889,0.2059369218527661,0.017902574606714627
assist2012,gkt_full_log,ablation,0.6,sparse,L,38,444,0.5563063063063063,0.5848424114907781,245,199,0.24897959183673468,0.3096446700507614,0.2550607287449393,0.7207207207207207,0.20958383132000358,0.039395760516731104
assist2012,gkt_full_log,ablation,0.6,very_sparse,I,7,11,0.45454545454545453,0.5693926174532283,5,6,0.0,0.0,0.0,1.0,0.1667577624320984,-0.1667577624320984
assist2012,gkt_full_log,ablation,0.6,strict_cold_start,I,0,0,,,0,0,,,,,,
assist2012,gkt_full_log,ablation,0.7,all,R,260,534150,0.697790882710849,0.7068694537038861,321130,213020,0.18477563603525052,0.3675824686386867,0.29762425380642565,0.681233735841992,0.1739541879745384,0.010821448060712113
assist2012,gkt_full_log,ablation,0.7,dense,R,147,528018,0.6995878928369866,0.7088511496661954,319015,209003,0.1848282996097362,0.37171784671831953,0.2960056308287876,0.6812495028578571,0.17404643873352804,0.010781860876208166
assist2012,gkt_full_log,ablation,0.7,medium,R,68,5677,0.5421877752333979,0.5323619873157784,1914,3763,0.17711598746081506,0.13043478260869565,0.48830409356725146,0.6755328518583759,0.1585173646733554,0.018598622787459662
assist2012,gkt_full_log,ablation,0.7,sparse,L,38,444,0.5563063063063063,0.5848424114907781,196,248,0.17857142857142858,0.17766497461928935,0.3481781376518219,0.7274774774774775,0.1747331984189092,0.003838230152519384
assist2012,gkt_full_log,ablation,0.7,very_sparse,I,7,11,0.45454545454545453,0.5693926174532283,5,6,0.0,0.0,0.0,1.0,0.1667577624320984,-0.1667577624320984
assist2012,gkt_full_log,ablation,0.7,strict_cold_start,I,0,0,,,0,0,,,,,,
assist2012,gkt_full_log,ablation,0.8,all,R,260,534150,0.697790882710849,0.7068694537038861,199181,334969,0.1384268579834422,0.17080377884466472,0.5395828023341606,0.571865580829355,0.1292122291259138,0.009214628857528412
assist2012,gkt_full_log,ablation,0.8,dense,R,147,528018,0.6995878928369866,0.7088511496661954,197830,330188,0.1385229742708386,0.17276183151245406,0.5386347947319265,0.5712778731028109,0.12934256276376677,0.009180411507071828
assist2012,gkt_full_log,ablation,0.8,medium,R,68,5677,0.5421877752333979,0.5323619873157784,1229,4448,0.12123677786818551,0.05732974220854175,0.6491228070175439,0.6218072925841114,0.10849128077920614,0.012745497088979374
assist2012,gkt_full_log,ablation,0.8,sparse,L,38,444,0.5563063063063063,0.5848424114907781,118,326,0.16101694915254236,0.09644670050761421,0.5991902834008097,0.6238738738738738,0.12574209045555632,0.035274858696986044
assist2012,gkt_full_log,ablation,0.8,very_sparse,I,7,11,0.45454545454545453,0.5693926174532283,4,7,0.0,0.0,0.2,0.9090909090909091,0.1521168053150177,-0.1521168053150177
assist2012,gkt_full_log,ablation,0.8,strict_cold_start,I,0,0,,,0,0,,,,,,
junyi,dkt,primary,0.5,all,R,1326,3269022,0.7043981349773725,0.7053755114260728,2657100,611922,0.23076700161830568,0.6345364777420527,0.11237451106161352,0.7332734377437655,0.21018274817447086,0.020584253443834827
junyi,dkt,primary,0.5,dense,R,1293,3264405,0.7045887382233516,0.7055334897800946,2654307,610098,0.23062441533703523,0.6347830956237518,0.11212910255066927,0.7334730218830078,0.21023921137745183,0.020385203959583403
junyi,dkt,primary,0.5,medium,R,33,4617,0.569633961446827,0.5936784508324113,2793,1824,0.36627282491944146,0.5148465022647207,0.3269961977186312,0.5921594108728612,0.1565233586596794,0.20974946625976207
junyi,dkt,primary,0.5,sparse,I,0,0,,,0,0,,,,,,
junyi,dkt,primary,0.5,very_sparse,I,0,0,,,0,0,,,,,,
junyi,dkt,primary,0.5,strict_cold_start,I,0,0,,,0,0,,,,,,
junyi,dkt,primary,0.6,all,R,1326,3269022,0.7043981349773725,0.7053755114260728,2324210,944812,0.20439590226356483,0.49161207000928253,0.19696155761970874,0.7159392013880604,0.1758239593441685,0.028571942919396326
junyi,dkt,primary,0.6,dense,R,1293,3264405,0.7045887382233516,0.7055334897800946,2321692,942713,0.20422519438409573,0.4916803374736349,0.19674200228428526,0.7161298919711249,0.1758802711835135,0.02834492320058224
junyi,dkt,primary,0.6,medium,R,33,4617,0.569633961446827,0.5936784508324113,2518,2099,0.3617950754567117,0.4584801207851032,0.38897338403041826,0.5811132770197097,0.12390229655126431,0.23789277890544738
junyi,dkt,primary,0.6,sparse,I,0,0,,,0,0,,,,,,
junyi,dkt,primary,0.6,very_sparse,I,0,0,,,0,0,,,,,,
junyi,dkt,primary,0.6,strict_cold_start,I,0,0,,,0,0,,,,,,
junyi,dkt,primary,0.7,all,R,1326,3269022,0.7043981349773725,0.7053755114260728,1919289,1349733,0.17452452444629235,0.34663453130352084,0.3119682041852735,0.6777843648650881,0.13949140423949058,0.03503312020680177
junyi,dkt,primary,0.7,dense,R,1293,3264405,0.7045887382233516,0.7055334897800946,1917091,1347314,0.17433444734756984,0.34657310373290806,0.311811893848125,0.6779192532789283,0.13954677560398235,0.03478767174358749
junyi,dkt,primary,0.7,medium,R,33,4617,0.569633961446827,0.5936784508324113,2198,2419,0.3403093721565059,0.37644690488173127,0.44866920152091255,0.582412822178904,0.09119661601160307,0.24911275614490286
junyi,dkt,primary,0.7,sparse,I,0,0,,,0,0,,,,,,
junyi,dkt,primary,0.7,very_sparse,I,0,0,,,0,0,,,,,,
junyi,dkt,primary,0.7,strict_cold_start,I,0,0,,,0,0,,,,,,
junyi,dkt,primary,0.8,all,R,1326,3269022,0.7043981349773725,0.7053755114260728,1403304,1865718,0.14011076716092877,0.2034690048627331,0.4759674867644102,0.6045835727015603,0.0996416354056648,0.04046913175526397
junyi,dkt,primary,0.8,dense,R,1293,3264405,0.7045887382233516,0.7055334897800946,1401466,1862939,0.13986996473692548,0.203271246093191,0.475908703370299,0.6046314718915086,0.0996931294212435,0.040176835315681975
junyi,dkt,primary,0.8,medium,R,33,4617,0.569633961446827,0.5936784508324113,1838,2779,0.32372143634385203,0.29944640161046804,0.5273764258555133,0.5707169157461555,0.06037770067387229,0.26334373566997976
junyi,dkt,primary,0.8,sparse,I,0,0,,,0,0,,,,,,
junyi,dkt,primary,0.8,very_sparse,I,0,0,,,0,0,,,,,,
junyi,dkt,primary,0.8,strict_cold_start,I,0,0,,,0,0,,,,,,
junyi,simplekt,primary,0.5,all,R,1326,3269022,0.7043981349773725,0.6998578918075055,2513260,755762,0.2182380653016401,0.567600682583261,0.1467507826705514,0.7288452020206655,0.18711296280637935,0.031125102495260765
junyi,simplekt,primary,0.5,dense,R,1293,3264405,0.7045887382233516,0.7000314455850927,2510569,753836,0.21814935180032893,0.5679302571079555,0.14659294114987284,0.7289392707093636,0.18708072865237735,0.031068623147951585
junyi,simplekt,primary,0.5,medium,R,33,4617,0.569633961446827,0.5771483792832619,2691,1926,0.3010033444816054,0.4076497232008052,0.28479087452471485,0.6623348494693524,0.21718582337073614,0.08381752111086924
junyi,simplekt,primary,0.5,sparse,I,0,0,,,0,0,,,,,,
junyi,simplekt,primary,0.5,very_sparse,I,0,0,,,0,0,,,,,,
junyi,simplekt,primary,0.5,strict_cold_start,I,0,0,,,0,0,,,,,,
junyi,simplekt,primary,0.6,all,R,1326,3269022,0.7043981349773725,0.6998578918075055,2187089,1081933,0.19472504319668746,0.4407204999539494,0.2351529274636263,0.70408091472006,0.14776023698418128,0.04696480621250618
junyi,simplekt,primary,0.6,dense,R,1293,3264405,0.7045887382233516,0.7000314455850927,2184815,1079590,0.19464073617217018,0.4409784080751435,0.2349944327611896,0.7041555811855453,0.1477324296111409,0.04690830656102929
junyi,simplekt,primary,0.6,medium,R,33,4617,0.569633961446827,0.5771483792832619,2274,2343,0.2757255936675462,0.3155510820332159,0.37376425855513307,0.6512887156162009,0.17447702050628427,0.1012485731612619
junyi,simplekt,primary,0.6,sparse,I,0,0,,,0,0,,,,,,
junyi,simplekt,primary,0.6,very_sparse,I,0,0,,,0,0,,,,,,
junyi,simplekt,primary,0.6,strict_cold_start,I,0,0,,,0,0,,,,,,
junyi,simplekt,primary,0.7,all,R,1326,3269022,0.7043981349773725,0.6998578918075055,1831238,1437784,0.17117982479612154,0.3243936588884324,0.3408730560261398,0.663998284502215,0.1086706837283517,0.06250914106776984
junyi,simplekt,primary,0.7,dense,R,1293,3264405,0.7045887382233516,0.7000314455850927,1829425,1434980,0.17110731514000302,0.32460268245083174,0.3407150151974098,0.664044749349422,0.10864966136315757,0.06245765377684545
junyi,simplekt,primary,0.7,medium,R,33,4617,0.569633961446827,0.5771483792832619,1813,2804,0.24434638720353005,0.2229491696024157,0.4790874524714829,0.6311457656486896,0.1298835025067758,0.11446288469675425
junyi,simplekt,primary,0.7,sparse,I,0,0,,,0,0,,,,,,
junyi,simplekt,primary,0.7,very_sparse,I,0,0,,,0,0,,,,,,
junyi,simplekt,primary,0.7,strict_cold_start,I,0,0,,,0,0,,,,,,
junyi,simplekt,primary,0.8,all,R,1326,3269022,0.7043981349773725,0.6998578918075055,1431186,1837836,0.14751891088929042,0.21848355994697458,0.4701599388194605,0.6042360681573877,0.06943018909582947,0.07808872179346095
junyi,simplekt,primary,0.8,dense,R,1293,3264405,0.7045887382233516,0.7000314455850927,1429848,1834557,0.14745763186016975,0.21863820097019523,0.4700119083694664,0.6042467157108263,0.06941339981591388,0.07804423204425587
junyi,simplekt,primary,0.8,medium,R,33,4617,0.569633961446827,0.5771483792832619,1338,3279,0.21300448430493274,0.14343231001509812,0.5996197718631179,0.5967078189300411,0.08737198155378903,0.1256325027511437
junyi,simplekt,primary,0.8,sparse,I,0,0,,,0,0,,,,,,
junyi,simplekt,primary,0.8,very_sparse,I,0,0,,,0,0,,,,,,
junyi,simplekt,primary,0.8,strict_cold_start,I,0,0,,,0,0,,,,,,
xes3g5m,dkt,primary,0.5,all,R,833,1589145,0.6460593589634678,0.6496688929751037,1130611,458534,0.14037807875564629,0.2821750052892368,0.05336024202235941,0.8656529139883397,0.1209427719202729,0.01943530683537338
xes3g5m,dkt,primary,0.5,dense,R,499,1573737,0.6446966678676297,0.6482587669855089,1117989,455748,0.1406981642932086,0.28131605961863815,0.05311837474114981,0.865802227436986,0.12158589966341471,0.0191122646297939
xes3g5m,dkt,primary,0.5,medium,R,172,13137,0.7909720636370556,0.7959844472702126,10827,2310,0.10880206890181952,0.4289876183539694,0.07140794918679627,0.8538479104818452,0.06662596182621912,0.042176107075600405
xes3g5m,dkt,primary,0.5,sparse,R,122,2164,0.7536968576709797,0.7825723147563143,1715,449,0.13177842565597667,0.42401500938086306,0.08706315144083385,0.8299445471349353,0.04843154426218817,0.0833468813937885
xes3g5m,dkt,primary,0.5,very_sparse,L,37,103,0.7087378640776699,0.7458088580517619,77,26,0.12987012987012986,0.3333333333333333,0.0821917808219178,0.8446601941747572,0.02345973175841492,0.10641039811171493
xes3g5m,dkt,primary,0.5,strict_cold_start,I,3,4,1.0,0.5283155366778374,3,1,0.0,,0.25,0.75,0.4347127676010132,-0.4347127676010132
xes3g5m,dkt,primary,0.6,all,R,833,1589145,0.6460593589634678,0.6496688929751037,1072250,516895,0.12561063184891583,0.23945752876189189,0.08680195036048163,0.8591670363623206,0.103021222579671,0.022589409269244826
xes3g5m,dkt,primary,0.6,dense,R,499,1573737,0.6446966678676297,0.6482587669855089,1060048,513689,0.12584996151117686,0.23858722284021933,0.08667797508927313,0.8593481630030939,0.10362388539084949,0.02222607612032737
xes3g5m,dkt,primary,0.6,medium,R,172,13137,0.7909720636370556,0.7959844472702126,10456,2681,0.10195103289977046,0.38820101966496723,0.0963333654123761,0.8426581411281114,0.053012231548688026,0.04893880135108244
xes3g5m,dkt,primary,0.6,sparse,R,122,2164,0.7536968576709797,0.7825723147563143,1669,495,0.12222887956860395,0.3827392120075047,0.10177805027590435,0.8290203327171903,0.03726800981576461,0.08496086975283934
xes3g5m,dkt,primary,0.6,very_sparse,L,37,103,0.7087378640776699,0.7458088580517619,76,27,0.11842105263157894,0.3,0.0821917808219178,0.8543689320388349,0.017881967519458964,0.10053908511211998
xes3g5m,dkt,primary,0.6,strict_cold_start,I,3,4,1.0,0.5283155366778374,1,3,0.0,,0.75,0.25,0.3582192659378052,-0.3582192659378052
xes3g5m,dkt,primary,0.7,all,R,833,1589145,0.6460593589634678,0.6496688929751037,993134,596011,0.10995092303757599,0.1941389922537127,0.13903428715025684,0.8414619182012969,0.08359803048927085,0.02635289254830514
xes3g5m,dkt,primary,0.7,dense,R,499,1573737,0.6446966678676297,0.6482587669855089,981380,592357,0.11012044264199393,0.19327412483859546,0.13924242767718364,0.8415599302805996,0.08412901344767272,0.02599142919432121
xes3g5m,dkt,primary,0.7,medium,R,172,13137,0.7909720636370556,0.7959844472702126,10061,3076,0.09263492694563165,0.3394027676620539,0.1214512558945241,0.8329907893735251,0.04133997223815865,0.051294954707473
xes3g5m,dkt,primary,0.7,sparse,R,122,2164,0.7536968576709797,0.7825723147563143,1619,545,0.11488573193329216,0.34896810506566606,0.1213979153893317,0.822550831792976,0.027814663178100493,0.08707106875519166
xes3g5m,dkt,primary,0.7,very_sparse,L,37,103,0.7087378640776699,0.7458088580517619,74,29,0.10810810810810811,0.26666666666666666,0.0958904109589041,0.8543689320388349,0.007591814608187284,0.10051629349992083
xes3g5m,dkt,primary,0.7,strict_cold_start,I,3,4,1.0,0.5283155366778374,0,4,,,1.0,0.0,,
xes3g5m,dkt,primary,0.8,all,R,833,1589145,0.6460593589634678,0.6496688929751037,870368,718777,0.09000216000588257,0.13927138318431612,0.22855080735807193,0.8030488092653597,0.060704534435012315,0.029297625570870255
xes3g5m,dkt,primary,0.8,dense,R,499,1573737,0.6446966678676297,0.6482587669855089,859248,714489,0.09004617991546096,0.13837332827807725,0.2293622108787551,0.8029664422962668,0.06113462597772693,0.02891155393773403
xes3g5m,dkt,primary,0.8,medium,R,172,13137,0.7909720636370556,0.7959844472702126,9497,3640,0.08276297778245761,0.28623452294246177,0.16167837551727457,0.8122859100251199,0.0291320605630484,0.05363091721940921
xes3g5m,dkt,primary,0.8,sparse,R,122,2164,0.7536968576709797,0.7825723147563143,1549,615,0.1091026468689477,0.3170731707317073,0.15389331698344574,0.8059149722735675,0.018237670480704755,0.09086497638824295
xes3g5m,dkt,primary,0.8,very_sparse,L,37,103,0.7087378640776699,0.7458088580517619,74,29,0.10810810810810811,0.26666666666666666,0.0958904109589041,0.8543689320388349,0.007591814608187284,0.10051629349992083
xes3g5m,dkt,primary,0.8,strict_cold_start,I,3,4,1.0,0.5283155366778374,0,4,,,1.0,0.0,,
xes3g5m,simplekt,primary,0.5,all,R,833,1589145,0.6460593589634678,0.6764621911170965,1122113,467032,0.1526735720912243,0.30458359038727884,0.07391383115706714,0.8444427663932492,0.07071775710053049,0.08195581499069382
xes3g5m,simplekt,primary,0.5,dense,R,499,1573737,0.6446966678676297,0.6751041041089948,1109255,464482,0.15300088798337624,0.3035246103935588,0.0739663487363774,0.8444708359783115,0.07098525019288593,0.08201563779049031
xes3g5m,simplekt,primary,0.5,medium,R,172,13137,0.7909720636370556,0.8200622583709669,11038,2099,0.12121761188621127,0.48725418790968683,0.06649985564430758,0.8455507345664915,0.04727367518669152,0.07394393669951976
xes3g5m,simplekt,primary,0.5,sparse,R,122,2164,0.7536968576709797,0.7867868592828398,1734,430,0.14186851211072665,0.46153846153846156,0.08767627222562845,0.8202402957486137,0.050498685966038515,0.09136982614468814
xes3g5m,simplekt,primary,0.5,very_sparse,L,37,103,0.7087378640776699,0.8113867876074561,86,17,0.18604651162790697,0.5333333333333333,0.0410958904109589,0.8155339805825242,0.03720142397769663,0.14884508765021034
xes3g5m,simplekt,primary,0.5,strict_cold_start,I,3,4,1.0,0.21593094244599342,0,4,,,1.0,0.0,,
xes3g5m,simplekt,primary,0.6,all,R,833,1589145,0.6460593589634678,0.6764621911170965,1083103,506042,0.1442706741648763,0.2778138295318981,0.09724432687044285,0.8388447876059139,0.05695861458041291,0.08731205958446339
xes3g5m,simplekt,primary,0.6,dense,R,499,1573737,0.6446966678676297,0.6751041041089948,1070560,503177,0.14456452697653566,0.2767842132936543,0.09736808127082752,0.8388847691831608,0.057186492044211966,0.08737803493232368
xes3g5m,simplekt,primary,0.6,medium,R,172,13137,0.7909720636370556,0.8200622583709669,10775,2362,0.11638051044083526,0.45666423889293517,0.08372630160716005,0.8383192509705413,0.03738895297327064,0.07899155746756462
xes3g5m,simplekt,primary,0.6,sparse,R,122,2164,0.7536968576709797,0.7867868592828398,1683,481,0.13368983957219252,0.42213883677298314,0.10606989576946659,0.8160813308687616,0.038566624133698796,0.09512321543849372
xes3g5m,simplekt,primary,0.6,very_sparse,L,37,103,0.7087378640776699,0.8113867876074561,85,18,0.18823529411764706,0.5333333333333333,0.0547945205479452,0.8058252427184466,0.031785980392904846,0.15644931372474222
xes3g5m,simplekt,primary,0.6,strict_cold_start,I,3,4,1.0,0.21593094244599342,0,4,,,1.0,0.0,,
xes3g5m,simplekt,primary,0.7,all,R,833,1589145,0.6460593589634678,0.6764621911170965,1036175,552970,0.13703187202933867,0.2524414939293785,0.1290526180453149,0.8272750441275025,0.04380052931217226,0.0932313427171664
xes3g5m,simplekt,primary,0.7,dense,R,499,1573737,0.6446966678676297,0.6751041041089948,1024003,549734,0.1373257695534095,0.2514906447955304,0.12931618211619947,0.8272748241923523,0.043989187170734835,0.09333658238267467
xes3g5m,simplekt,primary,0.7,medium,R,172,13137,0.7909720636370556,0.8200622583709669,10465,2672,0.11036789297658862,0.420611798980335,0.10403233567510345,0.8297937124153155,0.02812220632204073,0.0822456866545479
xes3g5m,simplekt,primary,0.7,sparse,R,122,2164,0.7536968576709797,0.7867868592828398,1624,540,0.12130541871921183,0.3696060037523452,0.12507664009809932,0.8146950092421442,0.026893799968540966,0.09441161875067086
xes3g5m,simplekt,primary,0.7,very_sparse,L,37,103,0.7087378640776699,0.8113867876074561,83,20,0.18072289156626506,0.5,0.0684931506849315,0.8058252427184466,0.0238483052655875,0.15687458630067755
xes3g5m,simplekt,primary,0.7,strict_cold_start,I,3,4,1.0,0.21593094244599342,0,4,,,1.0,0.0,,
xes3g5m,simplekt,primary,0.8,all,R,833,1589145,0.6460593589634678,0.6764621911170965,970198,618947,0.12788420507978784,0.22058873205881988,0.17586458124326715,0.8083057241472615,0.029983611295912194,0.09790059378387565
xes3g5m,simplekt,primary,0.8,dense,R,499,1573737,0.6446966678676297,0.6751041041089948,958464,615273,0.12815191806891027,0.21966935763671547,0.1763759101029684,0.8082417837287933,0.0301078990770083,0.09804401899190197
xes3g5m,simplekt,primary,0.8,medium,R,172,13137,0.7909720636370556,0.8200622583709669,10078,3059,0.10388966064695376,0.3812818645302258,0.13088249446636513,0.8167770419426048,0.019786768511756824,0.08410289213519694
xes3g5m,simplekt,primary,0.8,sparse,R,122,2164,0.7536968576709797,0.7867868592828398,1576,588,0.11611675126903553,0.3433395872420263,0.1459227467811159,0.805452865064695,0.020276706003900715,0.09584004526513482
xes3g5m,simplekt,primary,0.8,very_sparse,L,37,103,0.7087378640776699,0.8113867876074561,80,23,0.175,0.4666666666666667,0.0958904109589041,0.7961165048543689,0.016689867526292805,0.15831013247370718
xes3g5m,simplekt,primary,0.8,strict_cold_start,I,3,4,1.0,0.21593094244599342,0,4,,,1.0,0.0,,
