dataset,model,seed,fold,bucket,n_kcs,n_events,auc,acc,nll,rmse,ece,brier,uncertainty,reliability,resolution
assist2012,irt_1pl,42,0,dense,147,528018,0.5,0.6995878928369866,0.6112410190997554,0.4584500729086878,0.003434576697281533,0.21017646934998113,0.21016467303289155,1.1796317089509321e-05,0.0
assist2012,irt_1pl,42,0,medium,68,5677,0.5,0.5421877752333979,0.7417330629450973,0.5214648400490949,0.15396554090630732,0.27192557940742806,0.2482201916208563,0.02370538778657179,0.0
assist2012,irt_1pl,42,0,sparse,38,444,0.5,0.5563063063063063,0.7300281417299953,0.5161267150898926,0.13984700983339893,0.2663867860294832,0.24682959987014041,0.019557186159342776,0.0
assist2012,irt_1pl,42,0,very_sparse,7,11,0.5,0.45454545454545453,0.8143926373344997,0.553451211112296,0.24160786159425068,0.3063082430816672,0.24793388429752064,0.0583743587841466,0.0
assist2012,dkt,42,0,dense,147,528018,0.6977559101398016,0.7189849588460999,0.5780414335979488,0.43877508500722284,0.05890387131446633,0.19252357522309566,0.21016467303289155,0.0050396819368708975,0.022461412800525212
assist2012,dkt,42,0,medium,68,5677,0.759269759624147,0.6885679055839352,0.7555889365684446,0.4747207393163644,0.15022649112810504,0.22535978033707557,0.2482201916208563,0.02623774097011523,0.048296577304472094
assist2012,dkt,42,0,sparse,38,444,0.7259499784212582,0.6779279279279279,1.079184069857949,0.509891595097311,0.23426983637281545,0.25998943875088015,0.24682959987014041,0.061549894479459105,0.04787783783000534
assist2012,dkt,42,0,very_sparse,7,11,1.0,0.9090909090909091,0.11235304158410538,0.19250838592147568,0.08353434641718527,0.037059478650091814,0.24793388429752064,0.03703789972168348,0.2479338842975206
assist2012,simplekt,42,0,dense,147,528018,0.6823690269501486,0.6995651663390263,0.6970703604619257,0.4603078115679461,0.11716264227310881,0.21188328139047177,0.21016467303289155,0.02060461737442913,0.01869062960192573
assist2012,simplekt,42,0,medium,68,5677,0.7514731136907007,0.6908578474546415,0.8064275545691442,0.4801432564689727,0.15695336706051463,0.2305375467326297,0.2482201916208563,0.028554596658075384,0.04555874407844976
assist2012,simplekt,42,0,sparse,38,444,0.7450831295341046,0.7072072072072072,1.0676522205392605,0.4956341425197569,0.21035098095404234,0.2456532032312947,0.24682959987014041,0.04951358685673234,0.050161713070674664
assist2012,simplekt,42,0,very_sparse,7,11,0.8333333333333334,0.7272727272727273,0.7608206191756905,0.49002976159383027,0.3007737187363091,0.2401291672477061,0.24793388429752064,0.12668104668944866,0.13429752066115702
assist2012,irt_1pl,2024,1,dense,148,536773,0.5,0.6985504114402178,0.6121007327050205,0.4588935694172331,0.002360918373988663,0.2105833080524889,0.21057773411692024,5.573935568637272e-06,0.0
assist2012,irt_1pl,2024,1,medium,67,5523,0.5,0.5565815679884121,0.7298238117976416,0.5160318778026277,0.13960792507781694,0.26628889890850604,0.24679852616397271,0.019490372744533347,0.0
assist2012,irt_1pl,2024,1,sparse,39,439,0.5,0.5876993166287016,0.7040204235661336,0.5040624447886438,0.10849017643752745,0.2540789482463046,0.24230882986285876,0.011770118383445837,0.0
assist2012,irt_1pl,2024,1,very_sparse,6,13,0.5,0.38461538461538464,0.8724212163707897,0.577723822937468,0.3115741084508444,0.33376481558948295,0.2366863905325444,0.09707842505693853,0.0
assist2012,dkt,2024,1,dense,148,536773,0.6974184713753261,0.7192518997788637,0.5781982207573375,0.43893274274159677,0.05859380190565899,0.19266195265066077,0.21057773411692024,0.004807472764349454,0.02253924026393136
assist2012,dkt,2024,1,medium,67,5523,0.7751544653415028,0.7122940430925222,0.712988009461298,0.45952592319560914,0.1333006503059296,0.21116407408877685,0.24679852616397271,0.020175717538293572,0.05489301177860837
assist2012,dkt,2024,1,sparse,39,439,0.7254057989635531,0.683371298405467,1.134134913278122,0.5057643109664113,0.2431799031323626,0.2557975382473288,0.24230882986285876,0.06215403726107149,0.047240440815248405
assist2012,dkt,2024,1,very_sparse,6,13,0.925,0.7692307692307693,1.0596279396980282,0.4519611989499575,0.2375457956849669,0.20426892535628308,0.2366863905325444,0.1383612102632758,0.17258382642998027
assist2012,simplekt,2024,1,dense,148,536773,0.6786895842149023,0.6951057523385118,0.6965552177332898,0.46287711349648786,0.12029930695520523,0.2142552221988405,0.21057773411692024,0.021766840530652594,0.017964543744744137
assist2012,simplekt,2024,1,medium,67,5523,0.7715752688614821,0.7030599311968133,0.7578200966507874,0.4666422480395982,0.15035011614157176,0.2177549876554499,0.24679852616397271,0.025528744900965163,0.05373820712727845
assist2012,simplekt,2024,1,sparse,39,439,0.707439290761917,0.683371298405467,1.2222907084480998,0.5117355325035468,0.23760285068494563,0.2618732552266886,0.24230882986285876,0.06092268412263714,0.03999673503120661
assist2012,simplekt,2024,1,very_sparse,6,13,0.825,0.7692307692307693,1.0016684960263225,0.4372532340519812,0.192302720549588,0.19119039068891666,0.2366863905325444,0.0522573707824731,0.10207100591715976
assist2012,irt_1pl,2025,2,dense,145,521520,0.5,0.7000345144960883,0.6108691416422175,0.458258198857615,0.0037925993607441644,0.21000057682022538,0.20998619301031424,1.4383809911117045e-05,0.0
assist2012,irt_1pl,2025,2,medium,70,6734,0.5,0.5111375111375112,0.7675527018305605,0.5330474615126264,0.18510440399783312,0.2841395962250549,0.2498759558456618,0.03426364037939302,0.0
assist2012,irt_1pl,2025,2,sparse,37,402,0.5,0.6567164179104478,0.6468000112322273,0.47644750947842435,0.0395254972248964,0.22700222928819325,0.2254399643573179,0.001562264930875293,0.0
assist2012,irt_1pl,2025,2,very_sparse,7,21,0.5,0.5238095238095238,0.7570417036415964,0.5283616528045016,0.17243239132582044,0.27916603615430474,0.2494331065759637,0.029732929578340877,0.0
assist2012,irt_1pl,2025,2,strict_cold_start,1,4,,0.0,1.1915236678432282,0.6962419151353444,0.6962419151353444,0.4847528043913321,0.0,0.4847528043913321,0.0
assist2012,dkt,2025,2,dense,145,521520,0.6969142316397099,0.7192725111213376,0.5777273566362922,0.43874794992660787,0.058987446763973106,0.1924997635648012,0.20998619301031424,0.005031283884351982,0.02229185768418504
assist2012,dkt,2025,2,medium,70,6734,0.74780453097785,0.6787941787941788,0.7431770083027839,0.4786198838895748,0.15218268684115377,0.22907699325447006,0.2498759558456618,0.025736063488562368,0.04563907869973964
assist2012,dkt,2025,2,sparse,37,402,0.7471041941150636,0.7313432835820896,0.9950505447975089,0.48223055109191587,0.2145355896540318,0.23254630440641288,0.2254399643573179,0.055212661520531454,0.04807597270886619
assist2012,dkt,2025,2,very_sparse,7,21,0.9363636363636364,0.8095238095238095,0.7033229507285597,0.43192079928113447,0.21645460665396452,0.18655557685165405,0.2494331065759637,0.08690709435841683,0.147701504844362
assist2012,dkt,2025,2,strict_cold_start,1,4,,1.0,0.6043561981180772,0.45360522269681636,0.4534188136458397,0.20575769805782834,0.0,0.2057019169375756,0.0
assist2012,simplekt,2025,2,dense,145,521520,0.6820250419405874,0.698801579996932,0.6946412713959116,0.4607353417224686,0.11849107196657076,0.21227705511211994,0.20998619301031424,0.02110012257421452,0.018642369702383258
assist2012,simplekt,2025,2,medium,70,6734,0.739034392533658,0.6790911790911791,0.8091332439288789,0.4858224389947151,0.15865247702395302,0.2360234422307737,0.2498759558456618,0.029427714627329946,0.04247233505238653
assist2012,simplekt,2025,2,sparse,37,402,0.7245553359683794,0.7039800995024875,1.0398594564471617,0.48832367569788476,0.21085249155789054,0.23846001224709293,0.2254399643573179,0.051937076256072544,0.037658475201719305
assist2012,simplekt,2025,2,very_sparse,7,21,0.9363636363636363,0.8095238095238095,0.5158428466527665,0.40978585873901235,0.20613921877243446,0.16792445002246978,0.2494331065759637,0.06901627753575174,0.1436130007558579
assist2012,simplekt,2025,2,strict_cold_start,1,4,,0.5,0.786903105635586,0.5432790104031872,0.5383344814181328,0.29515208314466634,0.0,0.29515208314466634,0.0
assist2012,irt_1pl,2026,3,dense,145,521520,0.5,0.7000345144960883,0.6108691416422175,0.458258198857615,0.0037925993607441644,0.21000057682022538,0.20998619301031424,1.4383809911117045e-05,0.0
assist2012,irt_1pl,2026,3,medium,70,6734,0.5,0.5111375111375112,0.7675527018305605,0.5330474615126264,0.18510440399783312,0.2841395962250549,0.2498759558456618,0.03426364037939302,0.0
assist2012,irt_1pl,2026,3,sparse,37,402,0.5,0.6567164179104478,0.6468000112322273,0.47644750947842435,0.0395254972248964,0.22700222928819325,0.2254399643573179,0.001562264930875293,0.0
assist2012,irt_1pl,2026,3,very_sparse,7,21,0.5,0.5238095238095238,0.7570417036415964,0.5283616528045016,0.17243239132582044,0.27916603615430474,0.2494331065759637,0.029732929578340877,0.0
assist2012,irt_1pl,2026,3,strict_cold_start,1,4,,0.0,1.1915236678432282,0.6962419151353444,0.6962419151353444,0.4847528043913321,0.0,0.4847528043913321,0.0
assist2012,dkt,2026,3,dense,145,521520,0.6974099884859657,0.7194834330418776,0.5816866955982748,0.4392032374777745,0.06108696642547179,0.1928994838109584,0.20998619301031424,0.00544909853235911,0.022354964000542002
assist2012,dkt,2026,3,medium,70,6734,0.7341994538200473,0.6700326700326701,0.9346403152888757,0.5028008446990729,0.19466508027434445,0.25280868943010126,0.2498759558456618,0.04329730763962845,0.03888156475240381
assist2012,dkt,2026,3,sparse,37,402,0.740818511198946,0.7238805970149254,1.346921101641067,0.4930941003507936,0.23091347147431884,0.24314179180075854,0.2254399643573179,0.061570479329390186,0.04308969927240883
assist2012,dkt,2026,3,very_sparse,7,21,0.9636363636363636,0.8571428571428571,0.31070346633645024,0.3093393856375745,0.15569185261154503,0.09569085550663203,0.2494331065759637,0.056110730057686006,0.20710506424792138
assist2012,dkt,2026,3,strict_cold_start,1,4,,0.0,0.7982651641206713,0.5497929278239453,0.5493345111608505,0.30227226348522596,0.0,0.302063280094574,0.0
assist2012,simplekt,2026,3,dense,145,521520,0.6854224182961114,0.7043737536431968,0.7008673014407028,0.45688770275165796,0.1043064774460833,0.20874637292568735,0.20998619301031424,0.017942881205694393,0.019098363743229388
assist2012,simplekt,2026,3,medium,70,6734,0.7314634795108386,0.6673596673596673,0.8474316343286332,0.4886558388683535,0.16093036912145758,0.2387845288601343,0.2498759558456618,0.029862087699194715,0.040734852520995936
assist2012,simplekt,2026,3,sparse,37,402,0.7197655906895037,0.7014925373134329,1.1082773784691482,0.4911158822984957,0.2150980808470196,0.24119480984582986,0.2254399643573179,0.055370709664743605,0.03887241361066267
assist2012,simplekt,2026,3,very_sparse,7,21,0.8363636363636364,0.8571428571428571,1.0221827564845813,0.4060115105367169,0.21889785388400654,0.16484534668830658,0.2494331065759637,0.055174041047074206,0.13832199546485263
assist2012,simplekt,2026,3,strict_cold_start,1,4,,0.25,0.707332009319214,0.5070436471372913,0.5064845755696297,0.25709326010228595,0.0,0.2565266252899479,0.0
assist2012,irt_1pl,2027,4,dense,146,509574,0.5,0.6988739613873549,0.6118350221619664,0.4587564131749292,0.00288082401849421,0.21045744662912638,0.21044914748210086,8.299147025533129e-06,0.0
assist2012,irt_1pl,2027,4,medium,68,5918,0.5,0.5354849611355188,0.7471684195034087,0.5239309994369146,0.1605081762333418,0.2745036921709642,0.24874081753321073,0.02576287463775351,0.0
assist2012,irt_1pl,2027,4,sparse,40,376,0.5,0.6728723404255319,0.6333718924269426,0.46973367472121225,0.023120796943328692,0.22064972516709364,0.220115153915799,0.0005345712512946374,0.0
assist2012,irt_1pl,2027,4,very_sparse,6,21,0.5,0.5238095238095238,0.75683906193551,0.5282805157814499,0.17218361355933676,0.27908030335431466,0.2494331065759637,0.029647196778351016,0.0
assist2012,dkt,2027,4,dense,146,509574,0.6947422357876214,0.7164710130422667,0.5864938650743082,0.441062031846646,0.06342032828221159,0.19453571593669175,0.21044914748210086,0.00599951454554845,0.021684383759285795
assist2012,dkt,2027,4,medium,68,5918,0.7541017525980644,0.6835079418722542,0.9075049597497675,0.49122889962831434,0.19162218398734165,0.24130583183004453,0.24874081753321073,0.03950093141137702,0.04624253952883861
assist2012,dkt,2027,4,sparse,40,376,0.7193354542241074,0.7021276595744681,1.2429833691309737,0.49710827607768066,0.232980408268132,0.24711663814492357,0.220115153915799,0.06745368418760565,0.03978793907608974
assist2012,dkt,2027,4,very_sparse,6,21,0.8727272727272728,0.7619047619047619,0.7105720471594655,0.45075358620830314,0.20560186604048097,0.20317879547964615,0.2494331065759637,0.09796416299996784,0.1414965986394558
assist2012,simplekt,2027,4,dense,146,509574,0.6840217180443156,0.7024239855251642,0.7077332310246898,0.4581071962879418,0.10537336446963651,0.20986220329079883,0.21044914748210086,0.018362030304097596,0.018874817660599404
assist2012,simplekt,2027,4,medium,68,5918,0.7602605657916743,0.6977019263264617,0.8188380928581733,0.4722333557937909,0.1493780405872611,0.22300434232426508,0.24874081753321073,0.025573051468770668,0.05047008029462587
assist2012,simplekt,2027,4,sparse,40,376,0.6922780294996626,0.6914893617021277,1.214460607975966,0.5125943516954103,0.25119882984628766,0.262752969390038,0.220115153915799,0.07331245780678651,0.028559636195058736
assist2012,simplekt,2027,4,very_sparse,6,21,0.7636363636363636,0.7142857142857143,1.111618015009982,0.5179193749654074,0.2748916546978372,0.2682404789645583,0.2494331065759637,0.09985864623839866,0.08204493918779633
junyi,irt_1pl,42,0,dense,1293,3264405,0.5,0.7045887382233516,0.606933669118022,0.45623091916975667,0.001789808454586539,0.20814665160648102,0.20814344819217692,3.2034143041094548e-06,0.0
junyi,irt_1pl,42,0,medium,33,4617,0.5,0.569633961446827,0.7230841063599782,0.512722166676461,0.13316496832193803,0.2628840202014046,0.24515111141322182,0.017732908788182757,0.0
junyi,dkt,42,0,dense,1293,3264405,0.7328013668335287,0.7334730218830078,0.5435782527893678,0.42505820806897876,0.04051606547312916,0.18067448024681124,0.20814344819217692,0.0024013119878846553,0.029639907365344255
junyi,dkt,42,0,medium,33,4617,0.6195222367441603,0.5921594108728612,0.9972330931311365,0.5458901586437721,0.23543743276469353,0.29799606530412265,0.24515111141322182,0.06429645718726228,0.01101994687169967
junyi,simplekt,42,0,dense,1293,3264405,0.7260835732525311,0.7289392707093636,0.595750185668601,0.43198201775166933,0.07510298705163507,0.18660846366080358,0.20814344819217692,0.007261290641947085,0.028601325689754244
junyi,simplekt,42,0,medium,33,4617,0.7110288165853714,0.6623348494693524,0.669427087062804,0.472628604805742,0.09222101875386594,0.22337779808062222,0.24515111141322182,0.010734185425420234,0.032713388715417825
junyi,irt_1pl,2024,1,dense,1295,3240580,0.5,0.7078090959025853,0.604157895884469,0.45479528884308335,0.004834779593065219,0.20683875475386362,0.2068153796601501,2.3375093713519887e-05,0.0
junyi,irt_1pl,2024,1,medium,31,3346,0.5,0.5854751942618052,0.7095487655713366,0.5064583248875376,0.11749912204771507,0.2565000348478906,0.24269399116590668,0.013806043681983841,0.0
junyi,dkt,2024,1,dense,1295,3240580,0.7326310217762403,0.7359815218263397,0.5409185322639493,0.4237350683345838,0.04006099072821167,0.1795514081365144,0.2068153796601501,0.002259535820099453,0.0292773284133191
junyi,dkt,2024,1,medium,31,3346,0.616955997369286,0.5962343096234309,1.0338385864145534,0.5461669419232251,0.23315880881439321,0.2982983284497676,0.24269399116590668,0.06594373370983701,0.010186559137407873
junyi,simplekt,2024,1,dense,1295,3265405,0.725273510792596,0.7285512823064827,0.5933449658058072,0.4319140960825984,0.07464893512098422,0.18654978639484804,0.20818210753114944,0.007042105085319465,0.028501752134679603
junyi,simplekt,2024,1,medium,31,3617,0.6909351694155467,0.6491567597456456,0.6620643535131747,0.4727532423180508,0.09847574191976968,0.2234956281222297,0.23616108278657394,0.012411096494654312,0.025181985213174128
junyi,irt_1pl,2025,2,dense,1301,3242486,0.5,0.7037418203193475,0.6076612461594805,0.4566066173911585,0.000576534853271915,0.2084896030453958,0.20848927065295872,3.323924370372686e-07,0.0
junyi,irt_1pl,2025,2,medium,25,2008,0.5,0.5876494023904383,0.7077812642375669,0.5056298067789748,0.11551588307563754,0.25566150150334344,0.24231758226059905,0.013343919242744364,0.0
junyi,dkt,2025,2,dense,1301,3242486,0.7317074200025617,0.7327091003631164,0.5443703967145701,0.4255717609334223,0.03944414170183129,0.18111132370397393,0.20848927065295872,0.002262498400272551,0.029392908658699972
junyi,dkt,2025,2,medium,25,2008,0.5528673339883731,0.5507968127490039,1.1046008790995714,0.5748091081572656,0.28174163895787624,0.3304055108205511,0.24231758226059905,0.0924575106681157,0.0038860668272738567
junyi,simplekt,2025,2,dense,1301,3241420,0.7242664156895522,0.7299991978824095,0.5989277730875286,0.4319427675340896,0.07853146819052981,0.1865745544250086,0.20682840075958156,0.007872444083247386,0.027952265881988514
junyi,simplekt,2025,2,medium,25,2506,0.6510399176198971,0.6149241819632881,0.7368170265595524,0.4981861198972295,0.13561100430657652,0.24818941005825673,0.24277567835598396,0.023190243265640346,0.01783001309787562
junyi,irt_1pl,2026,3,dense,1301,3242486,0.5,0.7037418203193475,0.6076612461594805,0.4566066173911585,0.000576534853271915,0.2084896030453958,0.20848927065295872,3.323924370372686e-07,0.0
junyi,irt_1pl,2026,3,medium,25,2008,0.5,0.5876494023904383,0.7077812642375669,0.5056298067789748,0.11551588307563754,0.25566150150334344,0.24231758226059905,0.013343919242744364,0.0
junyi,dkt,2026,3,dense,1301,3242486,0.7298150342846463,0.7329811138737377,0.5481976663480727,0.42607318337085304,0.03901191803234123,0.18153835758777254,0.20848927065295872,0.002253771494338134,0.028981548763915073
junyi,dkt,2026,3,medium,25,2008,0.5686773315319741,0.5662350597609562,1.1969860694174084,0.5717836300979413,0.2773396188531986,0.32693651964797943,0.24231758226059905,0.08964739870037525,0.004517841207013009
junyi,simplekt,2026,3,dense,1301,3242486,0.7183568142189812,0.7219633330722168,0.6448725643635562,0.44019727892198346,0.09126409885073938,0.19377364437031852,0.20848927065295872,0.0120500848894495,0.02668507102920105
junyi,simplekt,2026,3,medium,25,2008,0.6554388766068944,0.6195219123505976,0.7175546735732314,0.49227455887114147,0.11944929987333153,0.24233424131177692,0.24231758226059905,0.019261769750520984,0.019820016024862903
junyi,irt_1pl,2027,4,dense,1291,3158694,0.5,0.705701153704664,0.6059790486130021,0.45573745217089395,0.003096763899242183,0.20769662531121785,0.2076870353645702,9.58994664764965e-06,0.0
junyi,irt_1pl,2027,4,medium,35,4854,0.5,0.5850844664194479,0.7096769193472012,0.5065289389232989,0.11751992338597406,0.25657156596676306,0.24276063357411784,0.013810932392645211,0.0
junyi,dkt,2027,4,dense,1291,3158694,0.7325319788745006,0.7355653950651757,0.5429808494381738,0.4240961477211073,0.035694980518218636,0.17985754251188327,0.2076870353645702,0.0019235627913738189,0.029517000549502116
junyi,dkt,2027,4,medium,35,4854,0.6243940305187631,0.5885867325916769,1.1057870275048927,0.5531613947354654,0.2572249945838211,0.30598752862568546,0.24276063357411784,0.07499817846872253,0.010996371519202842
junyi,simplekt,2027,4,dense,1291,3158694,0.7198102831719164,0.7265420455416067,0.6167842147260304,0.4359814369076243,0.08223888811423656,0.1900798133280368,0.2076870353645702,0.009487376784410199,0.02698444307791031
junyi,simplekt,2027,4,medium,35,4854,0.6909297767738507,0.6479192418623816,0.687806902269826,0.4804030098520106,0.11104590321513415,0.230787051874871,0.24276063357411784,0.015353483860336317,0.027475450842546222
xes3g5m,irt_1pl,42,0,dense,498,1267014,0.5,0.8007670002067854,0.5600097463711731,0.4300776219446173,0.1594601809572711,0.18496676089753714,0.15953921158661158,0.025427549310925647,0.0
xes3g5m,irt_1pl,42,0,medium,172,13137,0.5,0.7909720636370556,0.5657010024495273,0.4332839064174617,0.14966524438754114,0.18773494356037568,0.16533525818279324,0.022399685377582416,0.0
xes3g5m,irt_1pl,42,0,sparse,122,2164,0.5,0.7536968576709797,0.5873594114668899,0.4452745502993059,0.11239003842146533,0.1982694251442491,0.18563790440787067,0.012631520736378453,0.0
xes3g5m,irt_1pl,42,0,very_sparse,37,103,0.5,0.7087378640776699,0.613482413258995,0.45932063953942776,0.06743104482815565,0.21097544990690892,0.2064285041002922,0.004546945806616737,0.0
xes3g5m,irt_1pl,42,0,strict_cold_start,3,4,,1.0,0.44424727940574105,0.3586931807504856,0.3586931807504856,0.12866079791690055,0.0,0.12866079791690055,0.0
xes3g5m,dkt,42,0,dense,498,1267014,0.8189849990177435,0.8355637743545059,0.3854305202462129,0.3466673245346257,0.03739856544830952,0.12017823389999546,0.15953921158661158,0.0024259243293838647,0.041244245798567065
xes3g5m,dkt,42,0,medium,172,13137,0.865973484813704,0.8538479104818452,0.4199141233757241,0.33601294216177696,0.07348045801337769,0.11290469730021367,0.16533525818279324,0.008739866098479548,0.060164912284322636
xes3g5m,dkt,42,0,sparse,122,2164,0.854367709125377,0.8299445471349353,0.6211639055070909,0.3643958610557687,0.10464335933244065,0.1327843435545751,0.18563790440787067,0.014850112052601692,0.06708612795449215
xes3g5m,dkt,42,0,very_sparse,37,103,0.8908675799086757,0.8446601941747572,0.7436846235324379,0.36630309649865955,0.13895439636156506,0.13417795850450628,0.2064285041002922,0.026640609326632068,0.09636358383436007
xes3g5m,dkt,42,0,strict_cold_start,3,4,,0.75,0.6495482058760519,0.47831353808560545,0.47168446332216263,0.2287838407159699,0.0,0.22878117271677056,0.0
xes3g5m,simplekt,42,0,dense,498,1267014,0.7553025950130442,0.8090684080838886,0.6085817115919607,0.3904207244231724,0.11436347046261228,0.1524283420591147,0.15953921158661158,0.017560297710434738,0.0237225616308762
xes3g5m,simplekt,42,0,medium,172,13137,0.8409472579182374,0.8455507345664915,0.5668821789076034,0.35689149094312855,0.10154678621220697,0.12737153630760922,0.16533525818279324,0.014179725357233433,0.051023288423465464
xes3g5m,simplekt,42,0,sparse,122,2164,0.846252198549906,0.8202402957486137,0.6767805282561737,0.37657189299761595,0.11486967637611112,0.1418063905958079,0.18563790440787067,0.017905401801521937,0.06091345762908853
xes3g5m,simplekt,42,0,very_sparse,37,103,0.8735159817351597,0.8155339805825242,0.893559087418425,0.3952318395154853,0.16816399039032937,0.15620820696679433,0.2064285041002922,0.06434732670909797,0.11467707861100264
xes3g5m,simplekt,42,0,strict_cold_start,3,4,,0.0,1.6038129430788604,0.7888611276787425,0.7840690575540066,0.6223018787625774,0.0,0.6222981162726711,0.0
xes3g5m,irt_1pl,2024,1,dense,499,1269206,0.5,0.7955879502618173,0.5629721965458722,0.43175097723634587,0.15421135718397083,0.18640890634453966,0.16262776366001744,0.023781142684522232,0.0
xes3g5m,irt_1pl,2024,1,medium,172,12772,0.5,0.7854682117131224,0.568855245438035,0.43505205971497907,0.14409161863527575,0.18927029466224574,0.16850790010131192,0.020762394560933747,0.0
xes3g5m,irt_1pl,2024,1,sparse,121,2014,0.5,0.7666335650446872,0.5798046535362616,0.4411301973543214,0.1252569719668405,0.19459585101786253,0.17890654199156059,0.015689309026301865,0.0
xes3g5m,irt_1pl,2024,1,very_sparse,40,132,0.5,0.7878787878787878,0.5674538715415995,0.4342680008599906,0.1465021948009414,0.18858869657093283,0.16712580348943987,0.021462893081492983,0.0
xes3g5m,irt_1pl,2024,1,strict_cold_start,4,4,0.5,0.5,0.7348104663743678,0.5196030610670986,0.14137659307784656,0.26998734107029904,0.25,0.019987341070299012,0.0
xes3g5m,dkt,2024,1,dense,499,1267190,0.818092342220563,0.8349773909200673,0.38561063614221625,0.3469628556157058,0.03683251306067986,0.1203832231770051,0.1595524718172707,0.002425087949666401,0.04106312445387627
xes3g5m,dkt,2024,1,medium,172,13005,0.8590621186355762,0.8462129950019224,0.4296686745262915,0.34345485004138365,0.08251938022874533,0.11796123401694933,0.16392397506001666,0.011247862419486249,0.056052898919192795
xes3g5m,dkt,2024,1,sparse,121,2121,0.8603769569518157,0.8279113625648279,0.6165426666064873,0.3737988160113517,0.11302731401745324,0.13972555485148835,0.18696846447627186,0.017702268960282753,0.06366516859883653
xes3g5m,dkt,2024,1,very_sparse,39,105,0.8635571054925893,0.7904761904761904,0.7169795692671177,0.4114931218842412,0.1695591641034341,0.16932658935803896,0.20807256235827662,0.0516155775458781,0.08698682205122486
xes3g5m,dkt,2024,1,strict_cold_start,1,1,,0.0,0.8213509199218076,0.5601629316806793,0.5601629316806793,0.3137825100290934,0.0,0.3137825100290934,0.0
xes3g5m,simplekt,2024,1,dense,499,1267190,0.7550213040818781,0.809835147057663,0.6068284009523658,0.3898975633229362,0.11300548552048442,0.15202010988516304,0.1595524718172707,0.016984384551927693,0.023568050313941578
xes3g5m,simplekt,2024,1,medium,172,13005,0.8269373339778663,0.8368319876970396,0.6171750071614855,0.36654033450984547,0.11078693697534148,0.13435181682258943,0.16392397506001666,0.01756721946164857,0.04615464657436883
xes3g5m,simplekt,2024,1,sparse,121,2121,0.8438474909167,0.8189533239038189,0.6998013256379936,0.3866753912750124,0.12881335942886452,0.14951785821768393,0.18696846447627186,0.022191227669738686,0.058685583596332025
xes3g5m,simplekt,2024,1,very_sparse,39,105,0.8411072362685266,0.780952380952381,0.9235768705525643,0.4203775989559729,0.18356532078604298,0.17671732570398876,0.20807256235827662,0.04568380996543013,0.07469387755102039
xes3g5m,simplekt,2024,1,strict_cold_start,1,1,,0.0,1.4723542938619103,0.7706151902675629,0.7706151902675629,0.5938477714711121,0.0,0.5938477714711121,0.0
xes3g5m,irt_1pl,2025,2,dense,497,1270099,0.5,0.7945577470732597,0.5631035735160561,0.4318393441037429,0.1524778196224793,0.18648521911595087,0.16323573363912558,0.023249485476825336,0.0
xes3g5m,irt_1pl,2025,2,medium,174,12780,0.5,0.7803599374021909,0.5714008174029193,0.43648558584677427,0.13828000995141043,0.19051966665200173,0.17139830549983961,0.019121361152162168,0.0
xes3g5m,irt_1pl,2025,2,sparse,121,1907,0.5,0.7461982170949135,0.5913650324157376,0.44746737997054653,0.10411828964413317,0.20022705613770544,0.18938643789928583,0.010840618238419608,0.0
xes3g5m,irt_1pl,2025,2,very_sparse,35,88,0.5,0.7159090909090909,0.609066091445699,0.4569835990927506,0.07382916345831059,0.20883400983976383,0.2033832644628099,0.005450745376953944,0.0
xes3g5m,irt_1pl,2025,2,strict_cold_start,3,3,0.5,0.3333333333333333,0.8326445475138851,0.5635128051795681,0.30874659411744715,0.31754668160134586,0.22222222222222224,0.09532445937912365,0.0
xes3g5m,dkt,2025,2,dense,497,1268936,0.8187299642451263,0.8313681698682991,0.3905225133329153,0.349831917290444,0.03748919703715226,0.12238237035510804,0.1626115460990418,0.002613289612030077,0.04233401470356555
xes3g5m,dkt,2025,2,medium,174,13046,0.865852760194394,0.8468496090755787,0.42282732200269657,0.34063849352462305,0.07457490518879772,0.11603458327072466,0.1696512610045578,0.009574304786208899,0.06224823358446346
xes3g5m,dkt,2025,2,sparse,121,2018,0.8677629205745393,0.8503468780971258,0.5309069526220006,0.3548830798123905,0.0962453074871949,0.1259420003371275,0.1797145806669607,0.013510559080884032,0.0663186981483194
xes3g5m,dkt,2025,2,very_sparse,42,126,0.8461805555555556,0.7857142857142857,0.809582652290363,0.41044204696236797,0.16284364578926952,0.1684626739146587,0.18140589569161,0.046622459274093336,0.05831888310879908
xes3g5m,dkt,2025,2,strict_cold_start,2,2,1.0,0.5,0.6170404660027644,0.46179344331638583,0.45333434641361237,0.21325318429000406,0.25,0.21325318429000406,0.25
xes3g5m,simplekt,2025,2,dense,497,1268936,0.7559785325456281,0.8062148130402164,0.6212239985216853,0.3934831833436903,0.11556638458431706,0.1548290155742842,0.1626115460990418,0.017664204844934098,0.024519425125174344
xes3g5m,simplekt,2025,2,medium,174,13046,0.839860706700503,0.8351985282845317,0.6023873050667796,0.3683300240457432,0.11247177359419039,0.1356670066135378,0.1696512610045578,0.01750884838059648,0.050218246596019034
xes3g5m,simplekt,2025,2,sparse,121,2018,0.8459027458953675,0.819623389494549,0.6428543143701623,0.3841931218191109,0.12456181098426115,0.1476043548531142,0.1797145806669607,0.02192462480442008,0.0530209140200726
xes3g5m,simplekt,2025,2,very_sparse,42,126,0.8621527777777778,0.7777777777777778,0.7402357174248193,0.40121900194162263,0.16539204153730042,0.16097668751903177,0.18140589569161,0.05354024512174875,0.0737272686852519
xes3g5m,simplekt,2025,2,strict_cold_start,2,2,1.0,1.0,0.5611934925652975,0.42951793224969503,0.4293333441019058,0.1844856541240536,0.25,0.1844856541240536,0.25
xes3g5m,irt_1pl,2026,3,dense,497,1270099,0.5,0.7945577470732597,0.5631035735160561,0.4318393441037429,0.1524778196224793,0.18648521911595087,0.16323573363912558,0.023249485476825336,0.0
xes3g5m,irt_1pl,2026,3,medium,174,12780,0.5,0.7803599374021909,0.5714008174029193,0.43648558584677427,0.13828000995141043,0.19051966665200173,0.17139830549983961,0.019121361152162168,0.0
xes3g5m,irt_1pl,2026,3,sparse,121,1907,0.5,0.7461982170949135,0.5913650324157376,0.44746737997054653,0.10411828964413317,0.20022705613770544,0.18938643789928583,0.010840618238419608,0.0
xes3g5m,irt_1pl,2026,3,very_sparse,35,88,0.5,0.7159090909090909,0.609066091445699,0.4569835990927506,0.07382916345831059,0.20883400983976383,0.2033832644628099,0.005450745376953944,0.0
xes3g5m,irt_1pl,2026,3,strict_cold_start,3,3,0.5,0.3333333333333333,0.8326445475138851,0.5635128051795681,0.30874659411744715,0.31754668160134586,0.22222222222222224,0.09532445937912365,0.0
xes3g5m,dkt,2026,3,dense,497,1270099,0.8137601541639355,0.8296211555162235,0.3999511608251729,0.35249885382124924,0.04079648271308958,0.12425544194529442,0.16323573363912558,0.002945069291563815,0.0413803248864065
xes3g5m,dkt,2026,3,medium,174,12780,0.8472943030971652,0.8309076682316119,0.6201158106382628,0.3686510724769022,0.11137881940093067,0.1359036132383702,0.17139830549983961,0.01848579529440984,0.05278023455788151
xes3g5m,dkt,2026,3,sparse,121,1907,0.8538248549508373,0.8232826428945988,0.913666982890643,0.39028838623522205,0.13680114990080045,0.15232502443009388,0.18938643789928583,0.021869871458080517,0.05742157124744555
xes3g5m,dkt,2026,3,very_sparse,35,88,0.7787301587301587,0.7272727272727273,1.635698617275179,0.4919071009321611,0.24798731125930473,0.24197259594748335,0.2033832644628099,0.0880183538047969,0.04881534810244073
xes3g5m,dkt,2026,3,strict_cold_start,3,3,0.5,0.3333333333333333,0.7237604682408509,0.5148143497490534,0.21942035357157388,0.26503381470754067,0.22222222222222224,0.08917611907363228,0.05555555555555556
xes3g5m,simplekt,2026,3,dense,497,1270099,0.7550354612855996,0.802403592160926,0.6322919409060291,0.39694292449959706,0.11444758341199604,0.15756368531029283,0.16323573363912558,0.018724698487960607,0.023541597418874984
xes3g5m,simplekt,2026,3,medium,174,12780,0.8276345241521542,0.8354460093896714,0.65084452029127,0.37107794291266855,0.1146046891132225,0.13769883971629768,0.17139830549983961,0.01571508824164321,0.048188617292976695
xes3g5m,simplekt,2026,3,sparse,121,1907,0.8515336879947498,0.821185107498689,0.6582357452813706,0.37970792227698646,0.11813116824992063,0.14417810623990598,0.18938643789928583,0.019286468313580166,0.06335602759674011
xes3g5m,simplekt,2026,3,very_sparse,35,88,0.7746031746031745,0.7840909090909091,1.1282655279227911,0.4457198925130409,0.20718010789686547,0.19866622258183672,0.2033832644628099,0.05042162519318012,0.05416236225895316
xes3g5m,simplekt,2026,3,strict_cold_start,3,3,0.0,0.6666666666666666,0.7016554457673511,0.5034341983040438,0.49486086765925086,0.2534459920220353,0.22222222222222224,0.25344405419551014,0.22222222222222224
xes3g5m,irt_1pl,2027,4,dense,498,1271061,0.5,0.7940783329832322,0.563593812601642,0.432108807050517,0.15231574790814528,0.18671802113062094,0.16351793406980322,0.023200087060817665,0.0
xes3g5m,irt_1pl,2027,4,medium,175,12866,0.5,0.7782527592103218,0.5728204780811705,0.4372699047811426,0.1364901741352349,0.19120496962730948,0.17257540199184268,0.018629567635466745,0.0
xes3g5m,irt_1pl,2027,4,sparse,118,1792,0.5,0.7477678571428571,0.5905938616935964,0.4470438531878039,0.10600527206777022,0.19984820667299877,0.18861108896683676,0.011237117706161984,0.0
xes3g5m,irt_1pl,2027,4,very_sparse,42,134,0.5,0.6940298507462687,0.6219243281697512,0.4637718017302503,0.052267265671181895,0.2150842840801226,0.2123524170193807,0.0027318670607419096,0.0
xes3g5m,irt_1pl,2027,4,strict_cold_start,7,9,0.5,0.7777777777777778,0.5730974029402598,0.43742386631137276,0.1360151927026909,0.19133963881878968,0.1728395061728395,0.018500132645950143,0.0
xes3g5m,dkt,2027,4,dense,498,1271061,0.814467047297226,0.8293048091318985,0.400022571837821,0.3527750710756737,0.04187651987268493,0.1244502507724466,0.16351793406980322,0.0032044996210633656,0.04173542974289873
xes3g5m,dkt,2027,4,medium,175,12866,0.849729963735542,0.8328151717705581,0.6181056644203061,0.3681845652589954,0.11337908176678912,0.13555987409495543,0.17257540199184268,0.01900452956275266,0.054661581606437755
xes3g5m,dkt,2027,4,sparse,118,1792,0.8527209087306828,0.8197544642857143,0.9287203004907111,0.39159188173811893,0.14059209110096155,0.1533442018432009,0.18861108896683676,0.027807949727460705,0.06210906868388908
xes3g5m,dkt,2027,4,very_sparse,42,134,0.7853396275898242,0.7611940298507462,1.9156043711318418,0.46229147092984507,0.22215167207821948,0.21371340409447978,0.2123524170193807,0.07122303151836153,0.06803827345150579
xes3g5m,dkt,2027,4,strict_cold_start,7,9,0.35714285714285715,0.4444444444444444,0.7547674544547635,0.5294283043083058,0.4207199447684818,0.28029432940276805,0.1728395061728395,0.1930322902327829,0.08024691358024691
xes3g5m,simplekt,2027,4,dense,498,1271061,0.7526708507769386,0.8023360011832634,0.6380083272657613,0.3974454140521514,0.11551155545388761,0.15796285715108604,0.16351793406980322,0.018791024685572498,0.023511590489833922
xes3g5m,simplekt,2027,4,medium,175,12866,0.833402066272836,0.8295507539250738,0.6607641529376833,0.37657785702855395,0.11991007738491931,0.14181088240421802,0.17257540199184268,0.019200430655368996,0.048679548013977024
xes3g5m,simplekt,2027,4,sparse,118,1792,0.8485768062343153,0.8125,0.7590540350559029,0.3916853420567591,0.1341885000386661,0.15341740718212035,0.18861108896683676,0.025412472466956604,0.05921580166048203
xes3g5m,simplekt,2027,4,very_sparse,42,134,0.8292682926829268,0.8059701492537313,1.0328830005680356,0.42173938239322656,0.1947563129226399,0.1778641066614202,0.2123524170193807,0.053328437957389035,0.08658654196117421
xes3g5m,simplekt,2027,4,strict_cold_start,7,9,0.3571428571428571,0.4444444444444444,0.6737721590306526,0.49169213797536443,0.27835046913888717,0.24176115854678482,0.1728395061728395,0.10239993851408741,0.028395061728395066
