dataset,model,bucket,n_kcs_mean,n_events_mean,auc_mean,acc_mean,nll_mean,rmse_mean,ece_mean,brier_mean,uncertainty_mean,reliability_mean,resolution_mean,n_kcs_std,n_events_std,auc_std,acc_std,nll_std,rmse_std,ece_std,brier_std,uncertainty_std,reliability_std,resolution_std,n_runs
assist2012,dkt,dense,146.2,523481.0,0.6968481674856849,0.7186927631660891,0.5804295143328323,0.43934420939996965,0.06019848293835637,0.19302409823724156,0.21023278813050822,0.005265410332695978,0.022266371701693884,1.303840481040526,9979.445425473308,0.0012149278660022616,0.0012545369886895789,0.0037530025140931214,0.000977179587652417,0.0020547091896222845,0.0008598134080749458,0.0002702115262593636,0.0004712020981018381,0.00033900825149176374,5
assist2012,dkt,medium,68.6,6117.2,0.7541059924723224,0.686639347875112,0.8107798458742339,0.48137925814578714,0.16439941850737488,0.23194307378809365,0.24870228940187267,0.030989552209595327,0.046790554412812504,1.3416407864998752,580.3909889031703,0.01504727066098918,0.015882512804656274,0.10231884836697544,0.016472841858089726,0.027268768900152073,0.015861558506840918,0.001285807430750999,0.009887394673749368,0.005746656732267194,5
assist2012,dkt,sparse,38.2,412.6,0.7317227873845857,0.7037301533009755,1.1596547997411242,0.49761776671682245,0.23117584178033215,0.2477183422700608,0.2320267024726868,0.061588151355611576,0.0452143779405237,1.303840481040529,28.49210416940104,0.011683273873177977,0.02372409713135701,0.13805223832158403,0.010891540170174246,0.010415056177174923,0.010809149035295566,0.011763323744283178,0.004340891290607619,0.0036519916540704907,5
assist2012,dkt,strict_cold_start,1.0,4.0,,0.5,0.7013106811193742,0.5016990752603808,0.5013766624033451,0.2540149807715272,0.0,0.2538825985160748,0.0,0.0,0.0,,0.7071067811865476,0.137114344793306,0.06801497856216492,0.06782264013510185,0.06824610369698556,0.0,0.06813777333269311,0.0,2
assist2012,dkt,very_sparse,6.6,17.4,0.9395454545454547,0.8213786213786214,0.5793158891013218,0.36729667119968906,0.17976569348162855,0.14535072636886143,0.2465839189115912,0.083276219480206,0.183364175691848,0.547722557505166,4.979959839195493,0.047226813367264614,0.061987097415483555,0.3719921138058642,0.1142578317583139,0.06162821258352717,0.07534317580055547,0.005570841175210478,0.039176591149716694,0.04436725450508332,5
assist2012,irt_1pl,dense,146.2,523481.0,0.5,0.6994162589313472,0.6113830114502354,0.458523290643216,0.003252303562250547,0.21024367553440942,0.21023278813050822,1.0887403901182762e-05,0.0,1.303840481040526,9979.445425473308,0.0,0.0006778120293169417,0.0005629661779071205,0.00029041377012621226,0.0006224201155119879,0.0002663451563173125,0.0002702115262593636,3.879685958033023e-06,0.0,5
assist2012,irt_1pl,medium,68.6,6117.2,0.5,0.5313058653264703,0.7507661395814538,0.5255045280627779,0.16485809004262647,0.27619947258740163,0.24870228940187267,0.02749718318552894,0.0,1.3416407864998752,580.3909889031703,0.0,0.019926533638851964,0.016558219262417392,0.007455163723774235,0.019968516877393636,0.007833460785978553,0.001285807430750999,0.006577697884466601,0.0,5
assist2012,irt_1pl,sparse,38.2,412.6,0.5,0.6260621598362871,0.6722040960375052,0.48856357071131945,0.07010179553280957,0.2390239836038536,0.2320267024726868,0.006997281131166768,0.0,1.303840481040529,28.49210416940104,0.0,0.05101016301585923,0.04229235759713518,0.020298429054335775,0.051027191210213194,0.020012704987847914,0.011763323744283178,0.008387142107711694,0.0,5
assist2012,irt_1pl,strict_cold_start,1.0,4.0,,0.0,1.1915236678432282,0.6962419151353444,0.6962419151353444,0.4847528043913321,0.0,0.4847528043913321,0.0,0.0,0.0,,0.0,0.0,0.0,0.0,0.0,0.0,0.0,0.0,2
assist2012,irt_1pl,very_sparse,6.6,17.4,0.5,0.48211788211788215,0.7915472645847984,0.5432357710880434,0.21404607325121452,0.29549708686681486,0.2465839189115912,0.04891316795522358,0.0,0.547722557505166,4.979959839195493,0.0,0.06221244799534496,0.051595624661180756,0.022135488395157936,0.06222385476004439,0.024414224214272664,0.005570841175210478,0.029649396525695815,0.0,5
assist2012,simplekt,dense,146.2,523481.0,0.6825055578892131,0.7000540475685663,0.699373476411304,0.45978303316530045,0.11312657262212092,0.21140482698358368,0.21023278813050822,0.019955298397817643,0.01865414489057638,1.303840481040526,9979.445425473308,0.002530711738152402,0.0035556213257212353,0.0051903203122416405,0.002342380439822807,0.007655425279292904,0.002154154082599827,0.0002702115262593636,0.0017031036815844717,0.00042516067257989586,5
assist2012,simplekt,medium,68.6,6117.2,0.7507613640776707,0.6876141102857526,0.8079301244671233,0.47869942763308604,0.15525287398695162,0.22922096956065055,0.24870228940187267,0.027789239070867177,0.04659484381474731,1.3416407864998752,580.3909889031703,0.016077082006799342,0.01443729598385775,0.03238083212430863,0.009207846138369441,0.005129172215604504,0.008797497820386904,0.001285807430750999,0.0020969261551870262,0.005441809816410727,5
assist2012,simplekt,sparse,38.2,412.6,0.7178242752907135,0.6975081008261445,1.1305080743759273,0.49988071694301883,0.22502064677803713,0.24998684998818882,0.2320267024726868,0.05821130294139443,0.0390497946218644,1.303840481040529,28.49210416940104,0.01970139332424595,0.00984770999907131,0.08386643242311458,0.011517313962153003,0.018425540401132746,0.011545658128318714,0.011763323744283178,0.009466805452871903,0.0076873611422149405,5
assist2012,simplekt,strict_cold_start,1.0,4.0,,0.375,0.7471175574774,0.5251613287702392,0.5224095284938812,0.27612267162347615,0.0,0.2758393542173071,0.0,0.0,0.0,,0.1767766952966369,0.05626526179175455,0.025622271084072862,0.02252128440562963,0.02691165185724601,0.0,0.027312323175506584,0.0,2
assist2012,simplekt,very_sparse,6.6,17.4,0.8389393939393939,0.7754911754911755,0.8824265466698685,0.4521999479773896,0.23860103332803506,0.2064659667223915,0.2465839189115912,0.08059747645862927,0.12006969239736473,0.547722557505166,4.979959839195493,0.0620370827222762,0.05902443818508668,0.2426163538119114,0.04976411573158918,0.0468187207772149,0.045826763951515415,0.005570841175210478,0.03193088212395813,0.026738079608003756,5
junyi,dkt,dense,1296.2,3229730.2,0.7318973643542955,0.7341420306022755,0.5440091395108266,0.42490687368578905,0.0389456192907464,0.18054662243739109,0.20792488090456293,0.0022201360987937225,0.029361738750156102,4.604345773288565,40901.16897106981,0.0012379808823453472,0.0015213713998402892,0.002667824995585515,0.0009817917039776215,0.0019059070807771368,0.0008342745946059103,0.0007022119957056257,0.00017695950943708282,0.0002520541105662534,5
junyi,dkt,medium,29.8,3366.6,0.5964833860305113,0.5788024651195858,1.0876891311135126,0.5583622467115339,0.2569804987947965,0.31192479056962125,0.24304818013488888,0.07746865574686254,0.008121357112519451,4.604345773288536,1366.3703011994955,0.03318304233905491,0.01949529003873488,0.07687902472096399,0.01398177460434438,0.022689448083959556,0.015667083070338948,0.0011935241220420079,0.013090277428429161,0.0036005416438293814,5
junyi,irt_1pl,dense,1296.2,3229730.2,0.5,0.7051165256938592,0.6064786211868908,0.4559953789932102,0.0021748843306875544,0.2079322475524708,0.20792488090456293,7.366647907870705e-06,0.0,4.604345773288565,40901.16897106981,0.0,0.0017065984872975267,0.0014696607565263667,0.0007598431659102453,0.001815394604487016,0.0006925503105446824,0.0007022119957056257,9.714774939442713e-06,0.0,5
junyi,irt_1pl,medium,29.8,3366.6,0.5,0.5830984853817913,0.71157446395073,0.5073938088090494,0.11984315598138044,0.25745572480454904,0.24304818013488888,0.014407544669660108,0.0,4.604345773288536,1366.3703011994955,0.0,0.0076208261005071,0.006499090820324504,0.00300989758854458,0.0075135406169980715,0.003065939724146362,0.0011935241220420079,0.0018733922617528427,0.0,5
junyi,simplekt,dense,1296.2,3234482.0,0.7227581194251155,0.7271990259024159,0.6099359407303047,0.43440351943959304,0.08035727546562502,0.18871725243580312,0.20786605250008736,0.008742660296874727,0.027744971562706743,4.604345773288565,43896.57920043427,0.00345405633293673,0.0031836345226280687,0.021593647087045222,0.003680138295333246,0.0068195588373978775,0.0032077922891841607,0.0006469173610480271,0.002081903001037974,0.0008733302463767292,5
junyi,simplekt,medium,29.8,3520.4,0.679874511400312,0.638771389078253,0.6947340085957177,0.48324910714883484,0.11136059361373556,0.23363682588955131,0.24183321767809934,0.01619015575931444,0.024604170778775337,4.604345773288536,1255.6585124945395,0.02570837327609424,0.020530510475477173,0.031809961465301816,0.011571858612881847,0.01721882216329345,0.01122091235917427,0.0033602259778008803,0.00507899986916427,0.005981531644659408,5
xes3g5m,dkt,dense,497.8,1268860.0,0.816806901388919,0.8321670599581988,0.3923074804768677,0.3497472044675397,0.03887865562638323,0.12232990402996993,0.16169137944237058,0.002722774160741505,0.04155142791706282,0.8366600265340751,1773.5496891827052,0.002492600247965469,0.0029473701583523073,0.007301967161944663,0.002914832137304921,0.002289825991170498,0.0020387232511109403,0.0019858745350696595,0.0003428550398337001,0.0005020896641793461,5
xes3g5m,dkt,medium,173.4,12966.8,0.8575825260952763,0.8421266709123032,0.5021263189926561,0.35138838469273626,0.0910665289197281,0.12367280038424266,0.16857684034781,0.01341047163226744,0.05718157219045963,1.3416407864998754,142.96398147785314,0.008782146981607869,0.009861055774132472,0.10685271987413243,0.015771948487435655,0.0197783748896186,0.01115584711649143,0.0037835350828226886,0.00495630924013479,0.003923244978647103,5
xes3g5m,dkt,sparse,120.6,2000.4,0.8578106700666505,0.8302479789954404,0.7222001616233865,0.3749916049705704,0.11826184436777014,0.14082422500329714,0.18606369528344519,0.019148152255861937,0.06332012692659654,1.5165750888103082,153.11205047284818,0.0063102989466909355,0.011917920857876513,0.1852532283910717,0.016028147307660476,0.019621016205027875,0.012003599338880226,0.003835394198924488,0.0058040079377243165,0.003858525237597634,5
xes3g5m,dkt,strict_cold_start,3.2,3.8,0.6190476190476191,0.40555555555555556,0.7132935028992476,0.508902513428006,0.42506440795130196,0.26022953582907526,0.12901234567901235,0.20760505526845666,0.07716049382716049,2.280350850198276,3.1144823004794877,0.3375582590180435,0.2732971972499743,0.08190567959404624,0.03949315851722673,0.12602835153188896,0.040277808491257186,0.1209703313373251,0.0806098003038381,0.10278287534164639,5
xes3g5m,dkt,very_sparse,39.0,111.2,0.8329350054553608,0.7818634854977413,1.164309966699388,0.428487367441455,0.1882992379183586,0.18553064436383343,0.20232852872647386,0.05682400629395239,0.0717045821096661,3.082207001484488,18.5930094390338,0.04917526358241898,0.04312717023624605,0.5677834475819649,0.04910728442559414,0.04511857800063711,0.04234072272487174,0.012136217465946234,0.023572526318521237,0.019736698141064973,5
xes3g5m,irt_1pl,dense,497.8,1269495.8,0.5,0.7959097555196708,0.5625565805101599,0.4315232188877932,0.15418858505886918,0.1862128253209199,0.1624312753189367,0.023781550001983242,0.0,0.8366600265340751,1534.6715283734097,0.0,0.0027706653875826967,0.001443377456631607,0.0008192081829571547,0.003047589114183278,0.0007061770104453551,0.0016490735216090201,0.0009504733505941021,0.0,5
xes3g5m,irt_1pl,medium,173.4,12867.0,0.5,0.7830825818729763,0.5700356721549142,0.4357154085214264,0.14136141141217454,0.18984990823078687,0.16984303425512542,0.02000687397566145,0.0,1.3416407864998754,155.77547945681323,0.0,0.005149949636191192,0.0028135900479607403,0.0015775803439944938,0.005457258837935592,0.0013731689189468447,0.0029328398807679885,0.0015621776816224394,0.0,5
xes3g5m,irt_1pl,sparse,120.6,1956.8,0.5,0.7520989428096703,0.5880975983056447,0.44567667215650486,0.11037777234886847,0.19863351902210427,0.18638568223296795,0.012247836789136305,0.0,1.5165750888103082,139.93105445182636,0.0,0.008692007915227321,0.004921926324788255,0.002697896775166266,0.008984998639236795,0.0023973691012859166,0.004456966869278152,0.002059916605969979,0.0,5
xes3g5m,irt_1pl,strict_cold_start,4.0,4.6,0.5,0.5888888888888889,0.6834888487496278,0.4885491436976187,0.2507156309531835,0.2450162282017362,0.1734567901234568,0.0715594380782794,0.0,1.7320508075688772,2.5099800796022267,0.0,0.2929205850325348,0.17069823753728106,0.08899411774142563,0.10428992325499685,0.08301302943387126,0.10087447248086577,0.04966157683018282,0.0,5
xes3g5m,irt_1pl,very_sparse,37.8,109.0,0.5,0.7244929369041817,0.6041985591723488,0.454265528063034,0.08277176644338002,0.2064632900474984,0.1985346507069465,0.007928639340551904,0.0,3.1144823004794886,22.759613353482084,0.0,0.03654227984794798,0.021201124045654718,0.011517381490126218,0.03669935320265283,0.0103128904935374,0.01793583968971377,0.007646865936439393,0.0,5
xes3g5m,simplekt,dense,497.8,1268860.0,0.7548017487406178,0.8059715923051914,0.6213868758475605,0.39363796192830947,0.11457889588665948,0.15496080199598816,0.16169137944237058,0.017944922056165928,0.023772644995740205,0.8366600265340751,1773.5496891827052,0.0012529185274298153,0.003554033886086329,0.013884713204521254,0.0035279110169743407,0.0010469311171298387,0.0027778466383882308,0.0019858745350696595,0.0007863382351333122,0.00042531762448883866,5
xes3g5m,simplekt,medium,173.4,12966.8,0.8337563778043193,0.8365156027725617,0.6196106328729644,0.36788352988798795,0.11186405265597613,0.1353800163728504,0.16857684034781,0.016834262419298137,0.04885286938016141,1.3416407864998754,142.96398147785314,0.0065778715325035255,0.0057689154230716536,0.03792107952010176,0.007221911970204117,0.006712396962514418,0.0052916984579689874,0.0037835350828226886,0.001929388648011803,0.0018925281507896027,5
xes3g5m,simplekt,sparse,120.6,2000.4,0.8472225859182076,0.8185004233291341,0.6873451897203207,0.3837667340850969,0.1241129030155647,0.1473048234177265,0.18606369528344519,0.021344039011243494,0.05903835690054306,1.5165750888103082,153.11205047284818,0.002936597068827148,0.003453474235981693,0.04537544390466521,0.0059073288575463,0.007826746669984265,0.004537621794248861,0.003835394198924488,0.0029010680061768413,0.003825043707257112,5
xes3g5m,simplekt,strict_cold_start,3.2,3.8,0.4523809523809524,0.4222222222222222,1.0025576668608145,0.5968241172950817,0.5514457857443227,0.37916849098531263,0.12901234567901235,0.3512951069154869,0.10012345679012347,2.280350850198276,3.1144823004794877,0.5067570631855419,0.43319085976928734,0.4938778110756056,0.16944565500573908,0.22070521503631477,0.21082538179957208,0.1209703313373251,0.24063637145921532,0.12506544544949605,5
xes3g5m,simplekt,very_sparse,39.0,111.2,0.836129492613513,0.7928650395314647,0.9437040407773271,0.4168575430638697,0.18381155470663563,0.17408650988661437,0.20232852872647386,0.0534642889893692,0.08076942581348046,3.082207001484488,18.5930094390338,0.038510721701480274,0.01682369650108907,0.14691392662304156,0.019883997251823368,0.017678110590383374,0.016709689279277917,0.012136217465946234,0.006860364269930769,0.022237400102169493,5
