kc_id,train_freq,train_correct_rate,test_n,test_pos,test_neg,difficulty_proxy,in_official_preds,eligible,tert,selection_rule,dataset
1,6609,0.6622787108488425,2007,1314,693,0.3377212891511575,True,True,T2,difficulty_tertiles_top10_by_kc_id,assist2012
101,1963,0.5995924605196128,538,358,180,0.4004075394803872,True,True,T3_harder,difficulty_tertiles_top10_by_kc_id,assist2012
103,7682,0.8078625357979693,2149,1720,429,0.1921374642020307,True,True,T1_easier,difficulty_tertiles_top10_by_kc_id,assist2012
105,1730,0.7624277456647399,538,363,175,0.23757225433526008,True,True,T1_easier,difficulty_tertiles_top10_by_kc_id,assist2012
106,4715,0.7427359490986214,1360,1038,322,0.2572640509013786,True,True,T1_easier,difficulty_tertiles_top10_by_kc_id,assist2012
11,4532,0.6590909090909091,1211,787,424,0.34090909090909094,True,True,T2,difficulty_tertiles_top10_by_kc_id,assist2012
110,1168,0.8861301369863014,373,319,54,0.11386986301369861,True,True,T1_easier,difficulty_tertiles_top10_by_kc_id,assist2012
12,14585,0.6220774768597874,4089,2508,1581,0.3779225231402126,True,True,T3_harder,difficulty_tertiles_top10_by_kc_id,assist2012
13,14293,0.6705380256069404,3794,2569,1225,0.3294619743930596,True,True,T2,difficulty_tertiles_top10_by_kc_id,assist2012
14,988,0.812753036437247,287,244,43,0.18724696356275305,True,True,T1_easier,difficulty_tertiles_top10_by_kc_id,assist2012
15,10426,0.7709572223287934,2802,2150,652,0.22904277767120662,True,True,T1_easier,difficulty_tertiles_top10_by_kc_id,assist2012
16,5123,0.722623462814757,1484,1076,408,0.277376537185243,True,True,T1_easier,difficulty_tertiles_top10_by_kc_id,assist2012
166,2075,0.5253012048192771,643,343,300,0.4746987951807229,True,True,T3_harder,difficulty_tertiles_top10_by_kc_id,assist2012
17,9860,0.48296146044624744,3434,1535,1899,0.5170385395537526,True,True,T3_harder,difficulty_tertiles_top10_by_kc_id,assist2012
18,13547,0.7167638591570089,3966,2900,1066,0.2832361408429911,True,True,T2,difficulty_tertiles_top10_by_kc_id,assist2012
181,1175,0.6442553191489362,262,171,91,0.3557446808510638,True,True,T2,difficulty_tertiles_top10_by_kc_id,assist2012
192,503,0.6938369781312127,104,74,30,0.3061630218687873,True,True,T2,difficulty_tertiles_top10_by_kc_id,assist2012
203,768,0.4674479166666667,183,87,96,0.5325520833333333,True,True,T3_harder,difficulty_tertiles_top10_by_kc_id,assist2012
21,12153,0.6250308565786226,3209,2038,1171,0.37496914342137744,True,True,T3_harder,difficulty_tertiles_top10_by_kc_id,assist2012
217,1487,0.6173503698722259,415,262,153,0.3826496301277741,True,True,T3_harder,difficulty_tertiles_top10_by_kc_id,assist2012
22,10075,0.7185111662531017,2652,1901,751,0.28148883374689826,True,True,T2,difficulty_tertiles_top10_by_kc_id,assist2012
24,3700,0.8737837837837837,915,775,140,0.12621621621621626,True,True,T1_easier,difficulty_tertiles_top10_by_kc_id,assist2012
240,1231,0.5751421608448416,355,199,156,0.4248578391551584,True,True,T3_harder,difficulty_tertiles_top10_by_kc_id,assist2012
25,18704,0.811751497005988,5165,4174,991,0.18824850299401197,True,True,T1_easier,difficulty_tertiles_top10_by_kc_id,assist2012
26,4517,0.8020810272304627,1312,1041,271,0.1979189727695373,True,True,T1_easier,difficulty_tertiles_top10_by_kc_id,assist2012
27,21551,0.6968586144494455,6344,4385,1959,0.3031413855505545,True,True,T2,difficulty_tertiles_top10_by_kc_id,assist2012
280,101027,0.6820058004295881,28760,19702,9058,0.31799419957041186,True,True,T2,difficulty_tertiles_top10_by_kc_id,assist2012
287,1770,0.6310734463276836,422,281,141,0.3689265536723164,True,True,T3_harder,difficulty_tertiles_top10_by_kc_id,assist2012
290,1127,0.6983141082519965,307,227,80,0.30168589174800353,True,True,T2,difficulty_tertiles_top10_by_kc_id,assist2012
294,8566,0.5693439178146159,2552,1458,1094,0.4306560821853841,True,True,T3_harder,difficulty_tertiles_top10_by_kc_id,assist2012
+DlgHAr1GtoQgtGqwoen6pt4/ayVRO+rMaCVZ7jGCHE=,5021,0.4146584345747859,1663,686,977,0.5853415654252141,True,True,T3_harder,difficulty_tertiles_top10_by_kc_id,junyi
+IgBffWedJpxG6Zo/kHbrgIRR4jwwTwa6nV03GLwX5A=,874,0.45080091533180777,322,150,172,0.5491990846681922,True,True,T3_harder,difficulty_tertiles_top10_by_kc_id,junyi
+Lgj0Me9/8gtiruGKq8KxemAD15kU4yCfb6nteNDWjw=,947,0.6853220696937699,314,197,117,0.31467793030623015,True,True,T2,difficulty_tertiles_top10_by_kc_id,junyi
+N+e7SzcUVowUo7D4udR8rBKRmR1H7yuu5Tleqlhv48=,9820,0.6470468431771894,2729,1737,992,0.3529531568228106,True,True,T2,difficulty_tertiles_top10_by_kc_id,junyi
+ZVl8HEbTM1GOoCTt2wxAfzQswvAWL3L8e5mLuyy1dY=,13846,0.6632962588473206,3856,2525,1331,0.3367037411526794,True,True,T2,difficulty_tertiles_top10_by_kc_id,junyi
+aXi8dpg0URdKkJtkicic7DrTHAWPSnR9bwD+QouANE=,11580,0.8380829015544041,3147,2702,445,0.16191709844559588,True,True,T1_easier,difficulty_tertiles_top10_by_kc_id,junyi
+c+5BQh1a2P75VjWgg/aX+j7kru6tteMWrupq+MMQgw=,11332,0.8077126720790682,3118,2529,589,0.19228732792093184,True,True,T1_easier,difficulty_tertiles_top10_by_kc_id,junyi
+cLbiKkV7+VhNPr7OGG3B3kPpZ8er0mvFvqPbM/gm+E=,11801,0.3140411829505974,2974,890,2084,0.6859588170494026,True,True,T3_harder,difficulty_tertiles_top10_by_kc_id,junyi
+fQqnCkVTMs8GPkdZJWUcApXC/Ea9bVtxNIblqLRie4=,3723,0.6621004566210046,1023,705,318,0.3378995433789954,True,True,T2,difficulty_tertiles_top10_by_kc_id,junyi
+g5YlvjiVYzjFfpMkHEGCty7PGcKRuuCVDY/g8dzoD0=,2019,0.605250123823675,617,393,224,0.39474987617632495,True,True,T2,difficulty_tertiles_top10_by_kc_id,junyi
+gP/fH6yBDlDTCmjUykZq+rykF0MopXNzQLSxiEVEYY=,2459,0.6913379422529483,688,482,206,0.3086620577470517,True,True,T2,difficulty_tertiles_top10_by_kc_id,junyi
+kCFtC8nCf9I2/ee1BGgQRlVBoECQV9G/8z4fL7hzp4=,13042,0.6392424474773808,3504,2302,1202,0.3607575525226192,True,True,T2,difficulty_tertiles_top10_by_kc_id,junyi
+lmw480dBLSwkBgaKdL9MeVNsUfCgHmD+L4wzqUFX9M=,2152,0.6854089219330854,712,510,202,0.31459107806691455,True,True,T2,difficulty_tertiles_top10_by_kc_id,junyi
+mwsRV33uKTS+1DrZGfM+z+Ccut/FGocokZm/j0OJ/k=,9416,0.9605989804587935,2839,2724,115,0.03940101954120645,True,True,T1_easier,difficulty_tertiles_top10_by_kc_id,junyi
+odAMeNn6DqBHYkdD0fKH59bzQMwJTqsCW9nqJ1etcI=,6343,0.6873719060381523,1913,1338,575,0.31262809396184765,True,True,T2,difficulty_tertiles_top10_by_kc_id,junyi
+owQ9eTzitOLHF3SZxKwWN9ZpsHjg3tK4A9fpS7E0oo=,4497,0.8832555036691128,1116,992,124,0.11674449633088724,True,True,T1_easier,difficulty_tertiles_top10_by_kc_id,junyi
+tVk3DLjXUKiZ3/hK6CJAl3Z8sfp093/2DwLqCsFgMA=,10179,0.8681599371254544,2890,2567,323,0.13184006287454564,True,True,T1_easier,difficulty_tertiles_top10_by_kc_id,junyi
+tX4n52MmDdJGGzRnY7I7jEoynqRl6k1jAnonznfs7Q=,2457,0.5588115588115589,604,347,257,0.44118844118844114,True,True,T3_harder,difficulty_tertiles_top10_by_kc_id,junyi
+xN/geZI+rXD8yB7YBDvLwAXgXO6aORg9eOFv6AfGHM=,7349,0.546332834399238,2064,1130,934,0.45366716560076203,True,True,T3_harder,difficulty_tertiles_top10_by_kc_id,junyi
+zUL0wWCfsBXNoDj5KsvASLlqd26KU9+nSN1zZ7GsQI=,7009,0.8045370238265088,2064,1662,402,0.19546297617349118,True,True,T1_easier,difficulty_tertiles_top10_by_kc_id,junyi
/0Y1OFJkQGPagfYO9uI6mM0Z9KK7vcmT/QPVos+v7Ec=,3485,0.5317073170731708,926,497,429,0.46829268292682924,True,True,T3_harder,difficulty_tertiles_top10_by_kc_id,junyi
/4h6DuvZuZzr028oR886m6kpiLYuUSmpr9v3ITNTgiY=,13189,0.8824778224277807,4025,3566,459,0.11752217757221928,True,True,T1_easier,difficulty_tertiles_top10_by_kc_id,junyi
/7bwpUc6iDiE/m0Qj8CJo8qYMkAC51PHzIxTMmkE0nA=,1411,0.703756201275691,505,374,131,0.29624379872430895,True,True,T2,difficulty_tertiles_top10_by_kc_id,junyi
/OENQOL30zwAXAy3IN1FbzZFfjfOLaynYaW3w6bk2gw=,2899,0.38599517074853396,993,395,598,0.614004829251466,True,True,T3_harder,difficulty_tertiles_top10_by_kc_id,junyi
/ZG3Gxrc7wG0FWxYWExavs4ATbc0nu47cDYJAuQYVvc=,1945,0.45604113110539846,489,217,272,0.5439588688946015,True,True,T3_harder,difficulty_tertiles_top10_by_kc_id,junyi
/acOsfJkQuYuDq5UjkRrojhkbUcIgia4SvjKpo1v0pI=,2213,0.5765928603705377,691,383,308,0.4234071396294623,True,True,T3_harder,difficulty_tertiles_top10_by_kc_id,junyi
/dE70lhbWnFlB1v+ZQBYpQu2XDmodq4HYiBDGZRw3+o=,8344,0.835810162991371,2482,2091,391,0.164189837008629,True,True,T1_easier,difficulty_tertiles_top10_by_kc_id,junyi
/dgnkSSQs7RfFOI233RPKNKg29VBS0L7s7IBSmtIWqI=,1568,0.47066326530612246,532,272,260,0.5293367346938775,True,True,T3_harder,difficulty_tertiles_top10_by_kc_id,junyi
/fQsOaxbPuYyM7ZO/JBLBRA6HJyOHY8zUN9oLVT5vYM=,9768,0.9148239148239148,2617,2409,208,0.08517608517608521,True,True,T1_easier,difficulty_tertiles_top10_by_kc_id,junyi
/fn8Ym16AvhuhgFRtoeZ4sRU9ZRhvvpYN90SUH7zQ4M=,13225,0.7726275992438564,3962,3111,851,0.22737240075614362,True,True,T1_easier,difficulty_tertiles_top10_by_kc_id,junyi
0,5381,0.7219847611968035,1624,1158,466,0.27801523880319645,True,True,T3_harder,difficulty_tertiles_top10_by_kc_id,xes3g5m
1,5941,0.7761319643157718,1660,1269,391,0.2238680356842282,True,True,T2,difficulty_tertiles_top10_by_kc_id,xes3g5m
10,27284,0.7381249083712066,8033,5956,2077,0.2618750916287934,True,True,T3_harder,difficulty_tertiles_top10_by_kc_id,xes3g5m
100,2031,0.7552929591334318,608,472,136,0.24470704086656825,True,True,T3_harder,difficulty_tertiles_top10_by_kc_id,xes3g5m
101,7186,0.7115224046757584,2022,1455,567,0.28847759532424155,True,True,T3_harder,difficulty_tertiles_top10_by_kc_id,xes3g5m
102,24291,0.8146226997653452,6854,5623,1231,0.18537730023465482,True,True,T2,difficulty_tertiles_top10_by_kc_id,xes3g5m
103,1778,0.7671541057367829,489,369,120,0.2328458942632171,True,True,T2,difficulty_tertiles_top10_by_kc_id,xes3g5m
104,32065,0.8196475908311243,8837,7302,1535,0.18035240916887574,True,True,T2,difficulty_tertiles_top10_by_kc_id,xes3g5m
105,2405,0.7226611226611227,677,513,164,0.2773388773388773,True,True,T3_harder,difficulty_tertiles_top10_by_kc_id,xes3g5m
106,27954,0.9090291192673678,8156,7402,754,0.09097088073263215,True,True,T1_easier,difficulty_tertiles_top10_by_kc_id,xes3g5m
107,3527,0.7280975333144315,952,701,251,0.2719024666855685,True,True,T3_harder,difficulty_tertiles_top10_by_kc_id,xes3g5m
108,34327,0.8173158155387887,9869,8134,1735,0.18268418446121126,True,True,T2,difficulty_tertiles_top10_by_kc_id,xes3g5m
109,31486,0.796068093755955,8862,7094,1768,0.203931906244045,True,True,T2,difficulty_tertiles_top10_by_kc_id,xes3g5m
11,13197,0.811472304311586,3890,3224,666,0.188527695688414,True,True,T2,difficulty_tertiles_top10_by_kc_id,xes3g5m
110,755,0.8516556291390729,212,185,27,0.1483443708609271,True,True,T1_easier,difficulty_tertiles_top10_by_kc_id,xes3g5m
111,1026,0.8235867446393762,288,245,43,0.1764132553606238,True,True,T2,difficulty_tertiles_top10_by_kc_id,xes3g5m
112,14011,0.7660409678110056,3943,3051,892,0.2339590321889944,True,True,T2,difficulty_tertiles_top10_by_kc_id,xes3g5m
114,11081,0.7480371807598593,3153,2416,737,0.25196281924014075,True,True,T3_harder,difficulty_tertiles_top10_by_kc_id,xes3g5m
115,3997,0.7348011008256192,1122,857,265,0.2651988991743808,True,True,T3_harder,difficulty_tertiles_top10_by_kc_id,xes3g5m
116,3065,0.6740619902120718,895,589,306,0.3259380097879282,True,True,T3_harder,difficulty_tertiles_top10_by_kc_id,xes3g5m
117,6937,0.7955888712700014,2021,1646,375,0.20441112872999856,True,True,T2,difficulty_tertiles_top10_by_kc_id,xes3g5m
118,5697,0.6987888362295945,1653,1188,465,0.30121116377040547,True,True,T3_harder,difficulty_tertiles_top10_by_kc_id,xes3g5m
121,13254,0.828881846989588,3722,3103,619,0.171118153010412,True,True,T1_easier,difficulty_tertiles_top10_by_kc_id,xes3g5m
129,1256,0.839968152866242,353,300,53,0.16003184713375795,True,True,T1_easier,difficulty_tertiles_top10_by_kc_id,xes3g5m
131,10297,0.8365543362144314,3035,2571,464,0.16344566378556857,True,True,T1_easier,difficulty_tertiles_top10_by_kc_id,xes3g5m
137,2127,0.8707099200752233,644,571,73,0.1292900799247767,True,True,T1_easier,difficulty_tertiles_top10_by_kc_id,xes3g5m
139,21267,0.8377298161470823,6201,5256,945,0.1622701838529177,True,True,T1_easier,difficulty_tertiles_top10_by_kc_id,xes3g5m
14,27046,0.8545810840789766,7642,6588,1054,0.1454189159210234,True,True,T1_easier,difficulty_tertiles_top10_by_kc_id,xes3g5m
143,4137,0.9668842156151801,1169,1138,31,0.03311578438481988,True,True,T1_easier,difficulty_tertiles_top10_by_kc_id,xes3g5m
159,2038,0.9018645731108931,557,508,49,0.09813542688910692,True,True,T1_easier,difficulty_tertiles_top10_by_kc_id,xes3g5m
